Barcode,Regions
AACAATCCGAGTGGAC-1,Region3
AACACCATTCGCATAC-1,Region1
AACACCGAATGTCTCA-1,Region1
AACACGACAATTGTTC-1,Region3
AACACGCAGATAACAA-1,Region1
AACACGTTGATACCGC-1,Region3
AACAGACCGCGATCTG-1,Region3
AACAGGATACTCTTAG-1,Region3
AACAGGCCATTGTCAC-1,Region2
AACATAGAAGTGCGCA-1,Region3
AACATAGGTCCATAGC-1,Region2
AACATAGGTTCCGCAC-1,Region1
AACATAGGTTGGCACC-1,Region2
AACATCAAGGCTGGCT-1,Region3
AACATGACGCCTGGAC-1,Region2
AACCAAGACCAACTGA-1,Region3
AACCAATCAGTTCCTC-1,Region3
AACCAATCCGATCGCT-1,Region3
AACCATAGATTCTGGC-1,Region1
AACCGAAGTAGCCTGC-1,Region1
AACCGTACTTCAAGGT-1,Region3
AACCTACAAGTTAAGA-1,Region3
AACCTGCAGGTAGACA-1,Region3
AACCTGTCCTGCGAGC-1,Region3
AACCTGTCTACCTATC-1,Region3
AACCTTCTGTGCTGAA-1,Region3
AACGAACAAGGCCGAG-1,Region1
AACGACCAGCCGGCGA-1,Region3
AACGAGCTGTAATATT-1,Region1
AACGCACGTAACATGC-1,Region1
AACGCTCAGGAGTCAG-1,Region3
AACGGAGCTCTGTTGA-1,Region3
AACGGCAATTGTGGTC-1,Region1
AACGGCCGTACTTCCT-1,Region3
AACGGCGACGTCCACC-1,Region2
AACGTAAGACGGTTAG-1,Region1
AACGTTAGTCACAACT-1,Region2
AACTAGGCACAGGCTG-1,Region3
AACTATAACAATAACC-1,Region2
AACTATTCAGGATGTT-1,Region1
AACTATTGCTGTCCTC-1,Region3
AACTCAACTAATAGGT-1,Region1
AACTCACGGACGTGCC-1,Region3
AACTCATGATCCAACG-1,Region3
AACTCGCTTAGCTGCC-1,Region1
AACTGAAGTGGATGGT-1,Region3
AACTGCCGCTACATCT-1,Region1
AACTGCCTTAGTCAGC-1,Region3
AACTGCGTCTATCTTG-1,Region3
AACTGGATTCCAAGGC-1,Region1
AACTTGCAACAGCTGC-1,Region1
AAGAATAAGTCGTTCA-1,Region2
AAGAATGTAAGTTACA-1,Region3
AAGAATGTAGGTATTG-1,Region2
AAGACATCTAAGTATC-1,Region2
AAGAGCACCTAAGTCT-1,Region3
AAGAGCTAAGCAGTCT-1,Region2
AAGATACAGACCAGTA-1,Region1
AAGATGACTCCGGTGA-1,Region3
AAGATGTTAGTGCTTA-1,Region1
AAGATTATACGAATGC-1,Region3
AAGATTATAGTGCCGT-1,Region2
AAGATTATGCAGCGCC-1,Region3
AAGATTATGTCTAAGT-1,Region3
AAGCACTCGTTCGCCA-1,Region2
AAGCAGACGTCGAGTA-1,Region1
AAGCAGATCATAATGT-1,Region3
AAGCAGCCAAGCACGT-1,Region3
AAGCAGTACAATACGT-1,Region2
AAGCCACTCAGGCAGA-1,Region1
AAGCGACGCTCACGCA-1,Region3
AAGCGAGCTATCACGG-1,Region3
AAGGACAAGAGTCTCA-1,Region1
AAGGACCAGATAACTG-1,Region3
AAGGACCGTGAGCCTC-1,Region2
AAGGCCGAGGCGGTAG-1,Region2
AAGGCCTCACTGGTTA-1,Region1
AAGGCGATAGATTCGC-1,Region3
AAGGCGCTACCGTTGT-1,Region2
AAGGCGGAGCTCATAG-1,Region1
AAGGCGGATATTCAAG-1,Region3
AAGGCGTGAGCGAGTG-1,Region3
AAGGTTACTTGTGGAA-1,Region3
AAGGTTATAAGTACAA-1,Region3
AAGGTTATTGACATTC-1,Region3
AAGGTTCACCGGCTCA-1,Region1
AAGGTTGGCGAGGTTC-1,Region1
AAGTCCTCCGACGGTA-1,Region2
AAGTCGCACGCCTTCG-1,Region1
AAGTCGCTCGAACGGC-1,Region3
AAGTCGGTCGGTCCAT-1,Region3
AAGTGGCTAATAGATA-1,Region1
AAGTGGTTCATGCGAT-1,Region3
AAGTTCAGTCCGCCGA-1,Region1
AATAACATCCATGTGG-1,Region1
AATAACGCACGTGCGT-1,Region3
AATAACTCACCTGTCG-1,Region1
AATACGATTGCGAGGA-1,Region3
AATACTAATAGAGCGG-1,Region3
AATACTCAACAGGAGC-1,Region3
AATAGCGAGTAGATAC-1,Region2
AATAGTACCGCTTGCG-1,Region3
AATAGTGCCAACGGTC-1,Region3
AATAGTTCCACCGCAT-1,Region3
AATAGTTCTGCAAGTG-1,Region3
AATATCATGGCTTCAT-1,Region2
AATCAAGGAATGGTCG-1,Region2
AATCGACTGGAGCGTG-1,Region3
AATCGCTACGGCATAG-1,Region1
AATCTAAGTGAAGAGT-1,Region1
AATCTAATAGTGGTAT-1,Region2
AATCTGAATTAGTTCC-1,Region2
AATCTGCCAGTAATTG-1,Region1
AATCTTCCGGCAACTT-1,Region3
AATGAGACGATGGTTG-1,Region1
AATGAGGCCACGGAGC-1,Region3
AATGATTGGAGTGGCC-1,Region3
AATGCTACGTCGGCAT-1,Region3
AATGGAAGGCAAGTAC-1,Region1
AATGGAGGACCGACCA-1,Region1
AATGGTATGGCTAGAC-1,Region2
AATGGTATGTGGCTTC-1,Region2
AATGGTATTGCTTATT-1,Region2
AATGGTCGGCAGTCCA-1,Region1
AATGGTGCACAGACAG-1,Region3
AATGGTTAGACTGTAA-1,Region3
AATGGTTGAGGACTCA-1,Region3
AATTCAGTATGCATGC-1,Region1
AATTCCAGTCTAGACG-1,Region3
AATTCTATCTAGTACC-1,Region2
AATTCTCACTGGTGAC-1,Region3
AATTCTCCAGCCTCGC-1,Region3
AATTGGCCTTATTCGG-1,Region3
ACAACGAGGCCTAATG-1,Region1
ACAACTCCTTAGTGCC-1,Region3
ACAAGCGTCACTCATG-1,Region3
ACAAGTTCCTTATCGC-1,Region3
ACAATATCGCAGTTAA-1,Region2
ACAATATGAGAACACT-1,Region3
ACAATATTCCAATTGT-1,Region3
ACAATATTGTCCTCGT-1,Region3
ACAATTGGCTATGAGG-1,Region3
ACAGAAGTCTGTAAGG-1,Region2
ACAGAAGTTCCGTGAT-1,Region2
ACAGATACTAATGGAC-1,Region2
ACAGCCGTGCGACATA-1,Region3
ACAGCGAGCTCATCAC-1,Region3
ACAGGAACCTTACGTC-1,Region1
ACAGGACTCGTCGGAG-1,Region3
ACAGGAGTCTGGTCAT-1,Region3
ACAGGATACGCTAACG-1,Region3
ACAGGCACAGTTATTG-1,Region1
ACAGGTACTATCTTAA-1,Region3
ACAGGTATACCAACTA-1,Region3
ACAGGTATCAGCCTAG-1,Region3
ACAGGTCAGCGTGAGT-1,Region2
ACAGGTCTCGTGCCGT-1,Region3
ACAGGTGGAACGCCGT-1,Region3
ACAGTACCGGAACCGA-1,Region2
ACAGTATGCTCGTTAG-1,Region3
ACATAAGAACGTAGAA-1,Region3
ACATAAGTATAGTGAC-1,Region3
ACATAGATTAGACCGA-1,Region3
ACATCGAACATTCCAA-1,Region1
ACATCGACATTACACC-1,Region1
ACATCGAGAACCTAGA-1,Region2
ACATCGTCAGCTGTTA-1,Region1
ACATCTCGCTTGCATA-1,Region3
ACATCTGGCGGTCCGA-1,Region3
ACATTGCGTGGACTGG-1,Region3
ACCAACAGGAGCTACG-1,Region1
ACCAAGATCTCAACGC-1,Region1
ACCAAGGCCAGGAGGC-1,Region2
ACCAAGGCGAATGGTG-1,Region2
ACCAAGTGCTACCGAA-1,Region3
ACCAAGTTAGCTAGTA-1,Region3
ACCAATAATCACTATG-1,Region1
ACCACGTGCCTCCGCC-1,Region3
ACCAGAGTTCCTACAG-1,Region3
ACCAGCGGCTTAAGGC-1,Region2
ACCATCGGTCACGGCA-1,Region1
ACCATTAGGCCTACAT-1,Region1
ACCGAGATCGTGACCA-1,Region1
ACCGATGTCCTATCAT-1,Region2
ACCGGAAGGACGATGG-1,Region2
ACCGGACGTTGGTCGT-1,Region3
ACCGGATATTAGTTGG-1,Region3
ACCGGCAGATCAATAG-1,Region3
ACCGGTATCGGACGCC-1,Region3
ACCGTAATTCAGATTA-1,Region3
ACCGTAGGTGCTTGTA-1,Region3
ACCGTGTTAGTACAGG-1,Region3
ACCGTTATGTGGACCA-1,Region1
ACCGTTGTGACGTGCC-1,Region1
ACCTATGTTAGCAGGC-1,Region3
ACCTCCAGTTATGCGT-1,Region3
ACCTGCACTAACGTTA-1,Region3
ACCTGCAGGCGATTCA-1,Region3
ACCTGCATTCGAACGT-1,Region2
ACCTGGCGCAATAGGC-1,Region1
ACCTGGTCTGCGCTGG-1,Region3
ACCTGTAATTGTACCT-1,Region3
ACCTGTCTCATTCTAC-1,Region2
ACCTGTGCAGCTAACC-1,Region1
ACCTTCGCCGGTATCC-1,Region3
ACCTTCGTTAAGCTAC-1,Region2
ACGAACGTCGACGCCG-1,Region3
ACGAAGATTAATCGGT-1,Region1
ACGAAGCCTTCAGGCG-1,Region2
ACGAAGCTACGAGTCG-1,Region1
ACGAAGTAGGCATTAT-1,Region3
ACGAAGTTGATTCCTA-1,Region3
ACGACAGACCTGCGGC-1,Region3
ACGACTCGCTACCTCA-1,Region3
ACGAGCGTATACTTAG-1,Region2
ACGAGGCATCTTGGCG-1,Region3
ACGAGGCTCGAAGTAG-1,Region2
ACGAGTGCTGGTTCGA-1,Region1
ACGAGTTACATACTCG-1,Region3
ACGATAAGTTCCTATC-1,Region3
ACGATGTTGAGTATTC-1,Region2
ACGATTCCAGGCCTCC-1,Region3
ACGCAAGCTACGAACC-1,Region2
ACGCAATATTGACCTT-1,Region3
ACGCATAGAACCAAGA-1,Region3
ACGCCATGACTCAGTG-1,Region1
ACGCCGGATACCTTAC-1,Region2
ACGCGGCCTGGTGACG-1,Region1
ACGCGTTCTGAGATGC-1,Region2
ACGCTCACATGCAGCC-1,Region3
ACGCTCGCCGGACGTC-1,Region3
ACGCTCGGAACTCCTG-1,Region3
ACGGCAACAGCAAGTT-1,Region3
ACGGCAGATGCACGTA-1,Region1
ACGGCCGTGCTCTTGC-1,Region3
ACGGCGAGGATGCAAT-1,Region3
ACGGCTCGCCTTGCTA-1,Region2
ACGGCTGGTATGATGT-1,Region3
ACGGCTTCCTCGGAGG-1,Region3
ACGGTGATACAACCGC-1,Region3
ACGTATACTAGGCAAT-1,Region2
ACGTATCCGTACAATG-1,Region2
ACGTCCGGAACATATT-1,Region3
ACGTGCTCACAATACA-1,Region1
ACGTTAATCATACTCA-1,Region1
ACGTTAATCCACTCCA-1,Region1
ACGTTAATGAGTGCCA-1,Region2
ACGTTAGGTTGGCGCT-1,Region2
ACGTTATGGACTAAGG-1,Region1
ACGTTCAGGATCTACA-1,Region1
ACGTTCCACCGATTCG-1,Region3
ACGTTCTTATTGCACT-1,Region1
ACTAATCGAGCAACTG-1,Region1
ACTAATTAGTGACAGG-1,Region2
ACTACCTCAGGAAGCC-1,Region1
ACTAGGAGACGGATCG-1,Region3
ACTCAACCTCATTGCA-1,Region3
ACTCACGCGTACTTGA-1,Region3
ACTCCTAAGTCTCCTG-1,Region3
ACTCCTACGATCGCCT-1,Region3
ACTCCTGCGAATCGAT-1,Region3
ACTCGAACCTATAGAC-1,Region3
ACTCGAATGCAGTACC-1,Region1
ACTCGAGTAGTCACTC-1,Region3
ACTCGCGAAGGAGCTG-1,Region2
ACTCGGTCTAATGCAA-1,Region3
ACTCGTCCACGCGAAG-1,Region3
ACTCGTCCTCGTTGAC-1,Region3
ACTCGTTGGCTTGACG-1,Region3
ACTCGTTGGTGCAGAC-1,Region3
ACTGAAGAACTTCATG-1,Region3
ACTGACTCGTAATACT-1,Region3
ACTGCAACGGTCGTGC-1,Region3
ACTGGACCAAGTCGCA-1,Region3
ACTGGTAGTCTTATTC-1,Region3
ACTGGTCTCCTTCTCG-1,Region2
ACTGGTGAGGACCTAT-1,Region2
ACTGTAATAGTGTCAG-1,Region2
ACTGTAATTACCTTGT-1,Region2
ACTGTAGGTACGAGGT-1,Region2
ACTGTATCAATCGACC-1,Region1
ACTGTATGGTGCAATG-1,Region3
ACTTACAATTCCTCAT-1,Region2
ACTTACGCTAGCGACA-1,Region3
ACTTCAAGTCCTTATT-1,Region1
ACTTGACAATAGAACC-1,Region3
ACTTGGACCGTCGATC-1,Region3
ACTTGTAACAGATTGC-1,Region3
ACTTGTCCATTGTTCG-1,Region3
ACTTGTCGTGTCTGGC-1,Region1
AGAACCAGCATAATAG-1,Region3
AGAACCTTCATCTAGA-1,Region1
AGAAGCAAGAACGTGG-1,Region3
AGAAGCTAATACGACA-1,Region3
AGAAGGATAGCAGGCT-1,Region1
AGAAGGCACTTGCATA-1,Region3
AGAAGGCATTCCTCCG-1,Region3
AGAAGGTAATAGATGT-1,Region1
AGAATAACTTAGCCTG-1,Region2
AGACAACGACAATGTC-1,Region2
AGACAACGAGACTCGT-1,Region1
AGACCGAGAATCCTTG-1,Region3
AGACCGCAAGGAGCGT-1,Region2
AGACCGGATGTCAACG-1,Region3
AGACCGTATCCATAAC-1,Region2
AGACCTTGTTCACGGA-1,Region1
AGACGGAACAATGAGG-1,Region3
AGACTCCAGAGGCCGG-1,Region1
AGACTCCGTGATCGGA-1,Region2
AGACTCCGTGCTGTCG-1,Region1
AGACTCCTATCCTATC-1,Region3
AGACTCTACGTCTTGC-1,Region2
AGACTCTGATGCTAGA-1,Region3
AGACTTCCTAGTAATG-1,Region3
AGACTTCTCGTTAGCT-1,Region3
AGATACGCCATATGAT-1,Region3
AGATACGGTGGCCAGG-1,Region3
AGATAGATAACGATAC-1,Region3
AGATCAGCCAGGACCA-1,Region2
AGATCGGACAATTCTA-1,Region3
AGATCGGATTGGTTCG-1,Region1
AGATCTCCACCGGTCC-1,Region3
AGATGAACAGTATTGC-1,Region3
AGATGGCGTAACCAGA-1,Region3
AGATGTACCGATTGGT-1,Region1
AGATGTGACCTGCTAA-1,Region3
AGATGTGATGGTAGTC-1,Region3
AGATTAGCTCGGCCAT-1,Region3
AGATTCTTCATACATC-1,Region1
AGATTGGCATTCACGC-1,Region3
AGCAACGGACGTTGCA-1,Region2
AGCAACGTTCGCTACC-1,Region3
AGCACTTCCTGAGGAC-1,Region3
AGCAGGAGTGACCAGT-1,Region3
AGCAGGCCGTCAGTAC-1,Region2
AGCCAGGACTTACGAC-1,Region3
AGCCAGTCACTCTGCC-1,Region2
AGCCAGTCGATGCTAG-1,Region3
AGCCAGTTCTGCCGGC-1,Region3
AGCCATACGCACTAGC-1,Region3
AGCCATACGGATGCGT-1,Region2
AGCCGCTCAAGTCTTG-1,Region3
AGCCGTAATGTAGATT-1,Region2
AGCCGTACTCGGTGTC-1,Region1
AGCCGTATAACAGCTT-1,Region3
AGCCGTATCCTCCGTG-1,Region3
AGCCTCCGCACCATGG-1,Region3
AGCCTCGTCCTATGTC-1,Region1
AGCCTCTAACAGTTCA-1,Region1
AGCGAACGTCTGAAGT-1,Region3
AGCGACAGAATGAGCC-1,Region3
AGCGACATCCGCAGAC-1,Region3
AGCGACGGTACCTCAC-1,Region3
AGCGACTACATCCTAT-1,Region3
AGCGACTGCCAACCGT-1,Region3
AGCGAGTTACGTACCT-1,Region2
AGCGGAATTCAGTACA-1,Region3
AGCGGAGTGGCCGTCC-1,Region2
AGCGGATGTCGCGGAT-1,Region3
AGCGGTGGAGTTGGCC-1,Region2
AGCGGTTCGCTCGGCA-1,Region1
AGCGTGCGACCTAGAC-1,Region3
AGCGTGCGATTAGAGT-1,Region3
AGCGTGCGTAACGCCT-1,Region2
AGCGTGGCGACTCACG-1,Region3
AGCTAGTTCGTTCCAA-1,Region3
AGCTATGCGGAACATA-1,Region3
AGCTCAGAATCAAGTC-1,Region2
AGCTCAGAGTCGGACA-1,Region3
AGCTCAGATACAATGA-1,Region1
AGCTCAGCAACATCAC-1,Region1
AGCTGCCGAACGTCTA-1,Region3
AGCTGTGCAGTGACAT-1,Region1
AGCTGTGCGACAGACG-1,Region1
AGGAATCCTACCAGCA-1,Region3
AGGACCGCGGTGGCGA-1,Region3
AGGACCGTGGACAGTG-1,Region1
AGGACGAATTCGATGT-1,Region3
AGGACGCACGTTAACT-1,Region2
AGGAGCTAACTTCACG-1,Region3
AGGAGCTGGTGCGATT-1,Region3
AGGATAATGCTCTAAG-1,Region2
AGGATACCTATTGGAA-1,Region2
AGGATCAAGATAAGAA-1,Region1
AGGATCAGCCGCATAC-1,Region3
AGGATCGATATTGACG-1,Region3
AGGATTACGCTCAGAT-1,Region3
AGGCACTCCTTAAGGC-1,Region1
AGGCATCCTCTGAACT-1,Region1
AGGCATCTGAGCCTCC-1,Region2
AGGCATGCGATTCGAC-1,Region2
AGGCCAAGGTGAACGA-1,Region1
AGGCCTTGCAGGCTAT-1,Region3
AGGCTGCACGGCTGAG-1,Region3
AGGCTGTACAGGAGTG-1,Region2
AGGCTTCCTCGCCGAT-1,Region3
AGGTACCTGGACCTAA-1,Region3
AGGTACTCAATCGCAT-1,Region1
AGGTACTCTAATTCTA-1,Region3
AGGTACTTAGCATCTT-1,Region3
AGGTCCTGTAGGTTGA-1,Region3
AGGTCCTTCCACAGGT-1,Region3
AGGTCGCATATCGAGT-1,Region3
AGGTCGGTATAACTTG-1,Region3
AGGTGACGCTGTGCTC-1,Region1
AGGTGCTTGGACTCTA-1,Region3
AGGTGGTAGCTGCCTG-1,Region2
AGTACACGCTCCAGGC-1,Region3
AGTACATCCTATTGGT-1,Region3
AGTACCGATGAGCGAA-1,Region2
AGTACTATCCTGTCGT-1,Region2
AGTAGACTTACACCTC-1,Region3
AGTATTACAGTACCAC-1,Region3
AGTATTGACGGCCGTA-1,Region3
AGTATTGGTCCACGTT-1,Region2
AGTCATGCTTCCGACG-1,Region1
AGTCGGACGTGACAGG-1,Region3
AGTCGGCAGAGCTTGT-1,Region3
AGTCGGCCACTCTGTT-1,Region2
AGTCGTATAGGTGGCA-1,Region3
AGTCTACTAACGTGTC-1,Region3
AGTCTACTAGGTATGA-1,Region3
AGTCTAGCTTGTTACA-1,Region3
AGTGAGTGCGGACACT-1,Region1
AGTGATTAACCTTGTT-1,Region3
AGTGATTGCTGAGTTG-1,Region3
AGTGCAACCTAGAAGC-1,Region3
AGTGCGCAGATTAGTA-1,Region3
AGTGCGCATACTCACG-1,Region3
AGTGGTAACAGCGATC-1,Region2
AGTGTAAGACGCGGAC-1,Region2
AGTGTAAGTGACGATG-1,Region1
AGTGTCACTAATCATG-1,Region1
AGTGTCATTCTACGCT-1,Region1
AGTGTCGGTTGCGTAG-1,Region2
AGTGTCTGCAAGATGT-1,Region3
AGTTAAGGATCTGATT-1,Region3
AGTTAAGGCATCCGCA-1,Region1
AGTTAGCTAGAATAAC-1,Region1
AGTTAGCTAGTCACCG-1,Region2
AGTTATTGAGACGGTC-1,Region3
AGTTCGCTCCAGCGTG-1,Region1
AGTTCGGTTCGACAAC-1,Region1
AGTTCGTGAGATTACA-1,Region3
AGTTGGAACAATCTGA-1,Region3
ATAACATATCACTTCT-1,Region3
ATAACCATGCAATTGC-1,Region3
ATAACGAACTATTGAT-1,Region3
ATAACGAATCGCTGAC-1,Region3
ATAACGAGGACTTAAC-1,Region1
ATAACGGTCTTGTAAT-1,Region3
ATAACTCGAAGTCCGC-1,Region3
ATAAGGAGTCCGCCGG-1,Region2
ATAATCGCGTCATATG-1,Region3
ATAATTGTGGAAGAGC-1,Region3
ATACAATATTGGTCCG-1,Region1
ATACATCAACGTGATT-1,Region1
ATACGCTGTAATAGAC-1,Region3
ATACGGCACTACGCGG-1,Region1
ATACGGTATCATCTCG-1,Region2
ATACGGTCCAACGCTA-1,Region1
ATACTAATTATGGAAC-1,Region3
ATACTAGATTAACTCC-1,Region3
ATACTATCGTTGTAAG-1,Region3
ATACTATGATAGCGCA-1,Region3
ATACTGACGCCGAGCA-1,Region1
ATACTGCTGTCGTTGC-1,Region3
ATACTGTATGGCGTCC-1,Region3
ATAGAAGTAACGATCA-1,Region3
ATAGACTAATCAGTAA-1,Region3
ATAGCCGCGTGAACGC-1,Region3
ATAGCTATGTAGCATA-1,Region3
ATAGGACTCATATGGC-1,Region3
ATAGGTATGCTGCCGG-1,Region3
ATAGTCGCTGTCCAAC-1,Region3
ATAGTGCACGCCGGCG-1,Region1
ATAGTTACCTTCGTAA-1,Region2
ATAGTTACTGGCGAGC-1,Region3
ATAGTTCATCTACGGT-1,Region1
ATAGTTCGAGCACGCA-1,Region3
ATAGTTCGAGTGACCG-1,Region3
ATAGTTCGGCGTCTCG-1,Region1
ATAGTTGCAGACCTAT-1,Region2
ATAGTTGGTGCACTGC-1,Region2
ATCAAGGAACGCATCG-1,Region3
ATCAAGGTCTTCGTAC-1,Region3
ATCAAGTTGGCTCAGA-1,Region3
ATCACGAGATGAACAT-1,Region2
ATCACTTGGTACGGCT-1,Region3
ATCAGAATTACTATTC-1,Region3
ATCAGAGGCATAAGTA-1,Region3
ATCAGATTGTCATAGA-1,Region3
ATCAGTACTCTGATCT-1,Region2
ATCATTACGAACCGAG-1,Region3
ATCATTCATGCATAAT-1,Region2
ATCATTCGCTGGCGGA-1,Region3
ATCATTCGTCGGTGCG-1,Region3
ATCATTGTACGTCCGC-1,Region2
ATCCACCGAATAAGCA-1,Region1
ATCCACCGAGCGTGAA-1,Region1
ATCCACGAGGTGCTGT-1,Region3
ATCCACTCCGCCGTAG-1,Region1
ATCCAGGCGTTCTACT-1,Region3
ATCCGAACTCCTTGGT-1,Region3
ATCCGATTCTGGTCCA-1,Region1
ATCCGGATGTGAAGGC-1,Region3
ATCCGGTGATAATGTT-1,Region3
ATCCGGTGATTCCTAC-1,Region3
ATCCGTAGAACACCGC-1,Region3
ATCCGTAGGCCTTGTA-1,Region3
ATCCGTGAAGTGGTGA-1,Region3
ATCCGTGGACTTGTCG-1,Region3
ATCCGTTCGTGACCTC-1,Region2
ATCCTACATAGTAAGG-1,Region1
ATCCTCAACCGACGCC-1,Region3
ATCCTCCAACTACATT-1,Region1
ATCCTGGAATCCGAAG-1,Region1
ATCGAACAGGCACTGA-1,Region3
ATCGAATAACCTACCG-1,Region1
ATCGCAACGCGTGCCT-1,Region2
ATCGCAACTGCCTTCC-1,Region3
ATCGCACCATTCGGAA-1,Region3
ATCGCAGCAAGTCTGT-1,Region2
ATCGCAGGTTCCGCCA-1,Region1
ATCGCATTCCTATCCA-1,Region3
ATCGTAACTAGTCCAC-1,Region3
ATCGTAATAGATGAGT-1,Region3
ATCGTAATAGTCACTC-1,Region2
ATCGTAATGCGAGTCG-1,Region3
ATCGTACAGATTACCT-1,Region3
ATCGTACCGGAAGGCC-1,Region3
ATCGTATTACAATAGG-1,Region1
ATCGTCACCTGACTAT-1,Region2
ATCGTCGACCAATCAT-1,Region3
ATCGTCGATTCACCAG-1,Region3
ATCGTCGGTCTACTCG-1,Region3
ATCGTCTTGACTCGGT-1,Region3
ATCGTGCCTGAGTTGC-1,Region2
ATCTACAACTTCTGCA-1,Region3
ATCTACATTAAGGTAA-1,Region3
ATCTACCGCATGACTA-1,Region1
ATCTAGACTACAACGA-1,Region1
ATCTCCGCAAGACGCT-1,Region1
ATCTCCTGAGCGGCTG-1,Region3
ATCTCCTGCCTTGATC-1,Region2
ATCTCGGAATCCGGCA-1,Region2
ATCTGACCACATTACC-1,Region3
ATCTGATAATACTAAC-1,Region3
ATCTGATAGTGAACCA-1,Region2
ATCTGATCGCCGATGC-1,Region3
ATCTTAGAACGCGAAT-1,Region1
ATCTTCCTCAGGAGCA-1,Region2
ATCTTGGTAACTGCAG-1,Region3
ATGAACCAACGCCGAT-1,Region2
ATGAATGATCCGAGCA-1,Region3
ATGACACGGTATACCG-1,Region3
ATGACAGAACATGATA-1,Region2
ATGACATTCGACCAGA-1,Region3
ATGACCGTGCGTATCT-1,Region3
ATGAGCATGATAGCCA-1,Region3
ATGAGCATGGTCATAA-1,Region2
ATGAGCCACCAACCAT-1,Region3
ATGAGCGTATGTAACA-1,Region1
ATGAGCTCGCGATAAC-1,Region3
ATGAGTTCGACAGGCG-1,Region1
ATGAGTTCTGCACCAG-1,Region3
ATGAGTTGTAGGCGAA-1,Region1
ATGATTCAGTCGGCCG-1,Region3
ATGCAATCACGAGCTG-1,Region2
ATGCATCAGGAGCTGA-1,Region2
ATGCATGAATCATACT-1,Region3
ATGCATTACTTCTACG-1,Region1
ATGCCAATGTACGACA-1,Region3
ATGCCTATCTAGGAGT-1,Region3
ATGCGAACAATCTGGC-1,Region3
ATGCGATGCGCACTAC-1,Region1
ATGCTCATACCACGAT-1,Region3
ATGCTCCTCGTTAGAA-1,Region1
ATGCTGCGCACCAGTC-1,Region3
ATGCTGCGCTTATCAC-1,Region3
ATGCTTAGCCGACTAC-1,Region3
ATGCTTAGTGAGATGG-1,Region3
ATGCTTCACTCGCTAA-1,Region3
ATGGAACCGTGAACGA-1,Region2
ATGGAGATGCCGGTAC-1,Region3
ATGGAGCGAGCCAAGA-1,Region3
ATGGAGGCGACGAGCG-1,Region3
ATGGAGGTCAAGTCGC-1,Region3
ATGGAGTAGAGCGGAA-1,Region1
ATGGATACCTGAATGC-1,Region3
ATGTACCAAGCTAACA-1,Region1
ATGTACCAATTGGTGC-1,Region2
ATGTACGATGGTACAG-1,Region3
ATGTACGGAGTATCCA-1,Region3
ATGTACTCGCCACGTT-1,Region3
ATGTACTTACCGGTCT-1,Region3
ATGTAGAACAGGTTGC-1,Region3
ATGTAGAAGCACAGCA-1,Region3
ATGTAGCCTCTTACCG-1,Region2
ATGTAGCTTCGGAATT-1,Region3
ATGTATCCGGTGATTG-1,Region2
ATGTCAACCATAAGCA-1,Region2
ATGTCGAGTTGGCCAC-1,Region3
ATGTCGCACGTCCGAG-1,Region3
ATGTCGTAGAATCTGG-1,Region1
ATGTCTTCCAGCCTAA-1,Region3
ATGTGACACGTTAATT-1,Region1
ATGTGCCGAACTGAAG-1,Region3
ATGTGCCGTATCTGAC-1,Region1
ATGTGCGTTGATGGCG-1,Region3
ATGTGCTTGGTGAGGT-1,Region2
ATGTTAACGCTAACTT-1,Region2
ATGTTCACTGCAATCC-1,Region1
ATGTTCGAGCTTAATA-1,Region3
ATGTTCGTCTGTGACC-1,Region2
ATGTTCTTGCAGTCGT-1,Region3
ATGTTGAAGACATGGA-1,Region2
ATTAAGTCAAGCGGTG-1,Region3
ATTACACGCCTAAGTC-1,Region2
ATTACAGCTACGGTAT-1,Region2
ATTACCTTGTGGCGTT-1,Region3
ATTACTCAAGACATGC-1,Region3
ATTACTGTCTGAGCCT-1,Region3
ATTAGAAGGCGTTCCT-1,Region3
ATTAGAAGTCCTGACA-1,Region1
ATTAGATCGATCTGGT-1,Region1
ATTAGATGTCCACCTT-1,Region3
ATTAGCAGTGCAGCAT-1,Region3
ATTAGCCGCTTGATGG-1,Region3
ATTAGCTAAGTTGGTT-1,Region3
ATTATCCGAATCTAGT-1,Region3
ATTATCGAACTTGTCG-1,Region3
ATTATCTTATGAGTCG-1,Region1
ATTATGATCTTCGAGT-1,Region3
ATTATGCCTATCGCAG-1,Region2
ATTATGCGCTATCAGA-1,Region3
ATTATGGACGCCAAGT-1,Region1
ATTATGTTATGCTCAC-1,Region3
ATTCAAGAGCTCCTGA-1,Region3
ATTCACATAATGATCG-1,Region1
ATTCACGACATGGTCA-1,Region3
ATTCACGTTCGATCAT-1,Region3
ATTCACTCGTATGTTG-1,Region1
ATTCACTGAATGCGGC-1,Region3
ATTCACTGAGACTGCT-1,Region2
ATTCACTGGCAATGAC-1,Region1
ATTCAGATTCTACATT-1,Region3
ATTCAGCTGTAGGTCC-1,Region3
ATTCAGTTCTCAACCG-1,Region3
ATTCCAGAGCCGTGGA-1,Region3
ATTCCGCACGAGCTGG-1,Region1
ATTCCGCAGCGGTGAC-1,Region2
ATTCCGCATTGGTACG-1,Region3
ATTCCGGTGCAGGTGG-1,Region3
ATTCCGGTGCTTCCGA-1,Region3
ATTCCTTCATGGTTGA-1,Region3
ATTCTAATAGGTCGGC-1,Region3
ATTCTGAGTGATGCCA-1,Region2
ATTCTGGAATCCTGGT-1,Region2
ATTCTGTACGATTGGA-1,Region3
ATTCTTAACGAGCAAG-1,Region1
ATTCTTGTAGGCATCT-1,Region3
ATTGAAGACCTCGCAG-1,Region2
ATTGACTGTAGGCACC-1,Region3
ATTGCACGGCGTACTA-1,Region1
ATTGCAGAGTTAGAGT-1,Region3
ATTGCATAGAATCGAT-1,Region2
ATTGCCAATATCGACA-1,Region3
ATTGCCAATGGTCACC-1,Region3
ATTGCCAGCAGTATGT-1,Region3
ATTGCCGATTAGACAG-1,Region1
ATTGCCGCAGGCTCTA-1,Region2
ATTGCGTATGGTACTA-1,Region3
ATTGGCAAGCGGAAGG-1,Region1
ATTGGCACGCCGTTGA-1,Region3
ATTGGCATAGCCGGCG-1,Region3
ATTGTTATACAAGCCT-1,Region3
ATTGTTCAGAAGCTAA-1,Region3
ATTGTTCGTGGTCTGA-1,Region1
ATTGTTGGCTAGTGCT-1,Region3
CAACAGTGAATCGTTC-1,Region3
CAACAGTTCTTACCGT-1,Region3
CAACCGAACACCAGAT-1,Region1
CAACGCGTTGTCACGT-1,Region3
CAACGTCCGAGGTATC-1,Region2
CAACGTGATGACCGTC-1,Region1
CAACTCTGAGTGCAGA-1,Region3
CAACTGACTGAGAACA-1,Region3
CAACTGCTGGCTATCC-1,Region2
CAAGACGCAGTATGGT-1,Region2
CAAGATCCAACCTAAT-1,Region3
CAAGATCGCATCGTCA-1,Region3
CAAGATTAACAGCAAC-1,Region2
CAAGATTACTGTGCCG-1,Region2
CAAGCCTCTTACAGGA-1,Region3
CAAGTAAGAACCACCT-1,Region2
CAAGTAAGTGCATCAC-1,Region2
CAAGTAGACGAGACAA-1,Region3
CAAGTATCGGAGTTAC-1,Region3
CAAGTCCGTATGATTA-1,Region2
CAAGTCTGGCAACCGG-1,Region3
CAAGTCTGGCTCAACA-1,Region2
CAAGTGAATACTGAGC-1,Region3
CAAGTGACAGATGGAC-1,Region1
CAAGTGACTGGACGCA-1,Region1
CAAGTGATGGCCTCTT-1,Region3
CAAGTGCTCGAAGTTC-1,Region1
CAATAAGGTTCTGGTT-1,Region1
CAATCAGTCTTGAGCG-1,Region3
CAATCTGGAGCGTGCC-1,Region3
CAATCTTAACAAGAGT-1,Region3
CAATCTTCTGGTCAGC-1,Region3
CAATGCAATCAATCAG-1,Region3
CAATGCCGAATGTAAG-1,Region3
CAATGCCGTCGAGGTT-1,Region1
CAATGCTACGTGCCAC-1,Region2
CAATGGCCGAATCGGT-1,Region1
CAATGGCCGCTTACGA-1,Region2
CAATTGATACTCAACG-1,Region2
CAATTGGAGTCCTTCA-1,Region3
CAATTGGTAGGTTCCA-1,Region3
CACCATGAGGATCAGC-1,Region3
CACCGCACGATCCGCA-1,Region3
CACCTACTAGTCACCA-1,Region3
CACCTCCATCCAATTG-1,Region2
CACCTCGAACCTGGAT-1,Region3
CACGAACCGGTGATAC-1,Region3
CACGAACCTTGACCGC-1,Region3
CACGATACTCTAACAT-1,Region2
CACGATGAGGTTGTGA-1,Region1
CACGATGAGTCCTGGC-1,Region1
CACGATGCGTATCGTA-1,Region2
CACGCCATGTTAACCT-1,Region2
CACGCCGGACAGATAC-1,Region1
CACGCCGGACCAGGAG-1,Region3
CACGCCGGACGGCCTT-1,Region3
CACGCCTAAGGTCACG-1,Region3
CACGGCAACCTTGGTA-1,Region3
CACGGCGATATTGGAG-1,Region3
CACGGCTCATAGGCTA-1,Region1
CACGTATCGGCGGAGT-1,Region1
CACGTCACATAGAACC-1,Region3
CACGTCACTACATGGA-1,Region3
CACGTGACGACTTCCT-1,Region3
CACGTGCGTCTTCGAA-1,Region2
CACGTGGATCCTCAGA-1,Region1
CACGTGGCCGCTTCGA-1,Region2
CACGTGGTACCGTGGC-1,Region3
CACGTTCTTAGGAAGT-1,Region2
CACTAAGCGTTCGGTT-1,Region3
CACTACAAGCATGTCA-1,Region1
CACTACCTCATGCAAC-1,Region1
CACTACGCATTAGTAT-1,Region1
CACTCAGTCTTCGGAA-1,Region2
CACTCCAATCATGCTT-1,Region3
CACTCGAACTTGTTAC-1,Region1
CACTGACTAAGGTTGA-1,Region3
CACTGGACAGGTGAAC-1,Region2
CACTGGCCGCATAGAC-1,Region1
CACTGGCGTGCGCCAT-1,Region3
CACTGGCTCCACCTAC-1,Region3
CACTGGCTTGCGATTG-1,Region1
CACTGGTGCTCGAGCA-1,Region1
CACTTCCGTATCCGGT-1,Region3
CACTTGAGTTACAATG-1,Region2
CAGACGAAGCGAGTTG-1,Region3
CAGACGAAGTCAGCAC-1,Region3
CAGACGATTCATTAGC-1,Region1
CAGACGCAGTGGCAGC-1,Region3
CAGACGGCTGCCATCA-1,Region1
CAGAGCTCGACATACA-1,Region3
CAGAGGAACTTGACCG-1,Region3
CAGAGGATAGCGAGAT-1,Region3
CAGAGGTAAGCTATGG-1,Region3
CAGAGTCAACATTGGC-1,Region3
CAGAGTCCTCTGCCAC-1,Region3
CAGAGTTGTCTAACCT-1,Region3
CAGATATTAGATCTAA-1,Region3
CAGATCATGTGAATTC-1,Region1
CAGATCGCATAGTGAT-1,Region3
CAGATGGTTAGACGAG-1,Region1
CAGCCAACGTTCCAAT-1,Region2
CAGCCAAGCAAGTGCA-1,Region3
CAGCCATGAGTTGTTC-1,Region2
CAGCCGCATACGGCCT-1,Region3
CAGCGATATTACAGAT-1,Region3
CAGCGATGAGATCAGG-1,Region3
CAGCTGAGCGGTTATC-1,Region1
CAGCTGCAACTGCGTA-1,Region3
CAGCTGTCGCTTCTAT-1,Region3
CAGCTGTCTGCGCATG-1,Region3
CAGCTGTTATGTAACG-1,Region2
CAGCTTGACCAGGTAG-1,Region3
CAGGACTCATAATTAC-1,Region3
CAGGAGTTATGTATAA-1,Region3
CAGGCCAAGTTGGCTA-1,Region3
CAGTAACGACCAGAAG-1,Region3
CAGTAGTGTACTATAC-1,Region3
CAGTAGTTATTGCCAC-1,Region3
CAGTAGTTGGAACTCA-1,Region3
CAGTATGCTAGTGAGC-1,Region3
CAGTATTAATGCGACA-1,Region1
CAGTCTAGCTATAGCG-1,Region3
CAGTCTCAAGCATAAT-1,Region3
CAGTCTGCGTCATGGA-1,Region2
CAGTCTTCTACTAGGA-1,Region1
CAGTTATGTATCGGTT-1,Region1
CAGTTGGTCGGCATCC-1,Region2
CATAACGGCTTAGACC-1,Region3
CATAATTAACGCCGTT-1,Region2
CATACCTCCGTATTGT-1,Region1
CATAGAAGTGGACCGC-1,Region3
CATAGACCTAGTAACA-1,Region3
CATAGACCTCAGGCCT-1,Region3
CATATCCGAACTGTTA-1,Region1
CATATGAAGTTCATGC-1,Region1
CATATGTCGGCTCCAG-1,Region3
CATATGTTAATATGAG-1,Region1
CATATTCTCGCAGAAG-1,Region2
CATCACAGGCGTCACT-1,Region1
CATCACCTCCGGCGGT-1,Region1
CATCAGAATATGGTAG-1,Region3
CATCAGACAAGATCTT-1,Region3
CATCAGCAACTACCTT-1,Region2
CATCAGTCGTCAATCT-1,Region3
CATCCGATAGACCGAG-1,Region1
CATCGCCGTAGTCAAC-1,Region3
CATCGCTCTTAGTGCT-1,Region1
CATCGGCATCCGTAAT-1,Region2
CATCGGCCTATTGTAT-1,Region3
CATCGGCCTGACATCA-1,Region3
CATCGGTAATTGGTCT-1,Region3
CATCGGTATGAATACA-1,Region3
CATGCACGAAGTCTAG-1,Region2
CATGCACGTAGGTAGC-1,Region3
CATGCGGCATACATTG-1,Region3
CATGCGGCGAACGAAG-1,Region1
CATGTCTGGCCACTAA-1,Region3
CATGTTGAAGCCTGTA-1,Region3
CATGTTGACAAGACTT-1,Region3
CATTATGATCCTGCGG-1,Region3
CATTCTACTCCATCCT-1,Region3
CATTGAACTGCCAGCA-1,Region1
CATTGAAGGAGCCGCA-1,Region3
CATTGACTTACACTCG-1,Region3
CATTGCCATCCTAATT-1,Region1
CATTGCTGGTTCGATC-1,Region1
CATTGTAGCCGCGAAC-1,Region2
CCAAGCTGCAGGACTA-1,Region3
CCAAGGTAAGGCATCG-1,Region2
CCAAGTTACCTCATGA-1,Region2
CCAATACCACAAGATA-1,Region1
CCAATACCGGTGAGGC-1,Region3
CCAATACCTACGTCGC-1,Region3
CCAATAGGTGTACCGA-1,Region2
CCACAATTACTGAGGA-1,Region3
CCACAGATAATTACCA-1,Region3
CCACATTGTAGGTCGA-1,Region1
CCACCGTATGAATGCG-1,Region2
CCACCTCCTATGACTC-1,Region3
CCACGTCACTAGATAA-1,Region1
CCACGTTCCATTCCAT-1,Region2
CCACGTTGCCGCTTCG-1,Region3
CCACTGGTCTACTGAC-1,Region3
CCAGACAGGTATTGCC-1,Region1
CCAGCATATGCAATCC-1,Region3
CCAGCCTGATCCGAGT-1,Region3
CCAGGAGTAAGAGTTG-1,Region3
CCAGGATAATCAATAG-1,Region2
CCAGGATACTTCCTGT-1,Region3
CCAGGTCCGACGGTGC-1,Region3
CCATACATGTACCGAA-1,Region3
CCATACCTTCCAATCT-1,Region3
CCATACGGCGATGGTG-1,Region3
CCATAGACCTGGCAAG-1,Region1
CCATAGATGCACAGCG-1,Region3
CCATCAGCTAGATTCG-1,Region1
CCATGACAATGTCTAC-1,Region3
CCATGTAGGTCAGTAA-1,Region2
CCATTCCGGTATCTGG-1,Region3
CCGAACCATTACCTAT-1,Region3
CCGAAGGTGAGTCTGG-1,Region2
CCGACATAACCAACCG-1,Region1
CCGACCTCTAGCCGTC-1,Region3
CCGATTAACCTTATGC-1,Region3
CCGCAACTAGCCTCCG-1,Region3
CCGCAAGGTTAGATTC-1,Region1
CCGCAAGTCCGATTAT-1,Region1
CCGCAATATCGTTCAA-1,Region3
CCGCAATCGCAGCTCC-1,Region3
CCGCAATGAGAAGGAA-1,Region3
CCGCAATGTCTTAGCG-1,Region3
CCGCCACTGTGACTTG-1,Region3
CCGCGTAATAGATGTC-1,Region2
CCGCGTATAAGAGCAC-1,Region3
CCGCGTTAATGTAGAA-1,Region3
CCGCGTTCCTGCGGTG-1,Region3
CCGCGTTGCATGAGTT-1,Region1
CCGCTCCGGTCAGAAC-1,Region2
CCGCTCGGTCACAGTC-1,Region1
CCGCTGCCAGGAGTCG-1,Region3
CCGCTGGTCACTAGTA-1,Region1
CCGGACTAGGATGCAA-1,Region3
CCGGAGTATGTTCCAG-1,Region2
CCGGAGTTCATAGCGG-1,Region3
CCGGATCATATGTCAC-1,Region3
CCGGATGGTATTAAGA-1,Region3
CCGGATTGGTGCTTCT-1,Region1
CCGGCAATTGGAGGTG-1,Region2
CCGGCACGAGTGTTCA-1,Region3
CCGGCACGTTGACATT-1,Region1
CCGGCAGAGTACGTCT-1,Region2
CCGGCGCATTCGCTGC-1,Region2
CCGGCGTCCGATAGTG-1,Region2
CCGGCGTTCTGTATCC-1,Region2
CCGGTAACTGAGTGGC-1,Region3
CCGGTATTGTTCAGTG-1,Region3
CCGTAACAATTATGCG-1,Region3
CCGTAACATCGAATGC-1,Region2
CCGTAAGATAGTCCAC-1,Region3
CCGTAAGCAGGTCAGT-1,Region1
CCGTATTCAATCCTGC-1,Region2
CCGTGACACTAGTATC-1,Region3
CCGTGACTCGGATAAT-1,Region3
CCGTTCTATCTAGGAG-1,Region3
CCTAACGCTACACGTT-1,Region3
CCTAACTACGCTCGGA-1,Region1
CCTAACTTGGACTCGT-1,Region1
CCTAAGCCACTCGAAC-1,Region3
CCTAAGCGTAGGTCGC-1,Region3
CCTACCAGCCTAACGA-1,Region3
CCTACCGCGACCATTG-1,Region3
CCTACGCTGCTCAGAA-1,Region2
CCTACGTGCGAGTTAG-1,Region3
CCTACGTGTCGGAAGG-1,Region1
CCTAGAGTGCTCGACT-1,Region2
CCTAGCTCTTGGCCGT-1,Region2
CCTAGTGATAAGCCAT-1,Region3
CCTAGTTCCGACTCCG-1,Region3
CCTCACCTAACGTTCA-1,Region2
CCTCACGTCTGTGCCA-1,Region3
CCTCACGTGAATCAAT-1,Region3
CCTCACTATGCGGTGA-1,Region1
CCTCAGATCTGCGTAA-1,Region2
CCTCATTCGATGTTCG-1,Region3
CCTCCATCAGTTACGC-1,Region3
CCTCGCGACGCTTACT-1,Region2
CCTCGCGGATCGTTAG-1,Region2
CCTCGCTGCGAGTTGA-1,Region3
CCTCGCTTCAACCTTG-1,Region3
CCTCGGAACGGCGATT-1,Region3
CCTCGGCAGATCATCC-1,Region2
CCTCTATGGATTGGCC-1,Region3
CCTCTATTCGTGATCC-1,Region3
CCTGAACCAGTCCGGC-1,Region1
CCTGAAGTGCTCTGAA-1,Region2
CCTGAATAGGCCAGGA-1,Region3
CCTGCTACGCAGAAGC-1,Region2
CCTGCTATTGTCGCCT-1,Region3
CCTGCTGGCTTGAGCA-1,Region2
CCTGGATAACCTAGAA-1,Region3
CCTGGCACCTCACGCT-1,Region1
CCTGGCCATATGCGGA-1,Region2
CCTGTCGATGGCTCTA-1,Region3
CCTGTCTGTCTAACCG-1,Region3
CCTTAGATCGCCACCT-1,Region3
CCTTAGCGCTGCCGTT-1,Region3
CCTTAGCGCTTCACAA-1,Region1
CCTTAGCGTTGAATTG-1,Region3
CCTTAGTACTAACGGT-1,Region1
CCTTAGTATGTAGTCG-1,Region2
CCTTATGTTCATTGGC-1,Region2
CCTTCAACCTACGATA-1,Region3
CCTTCAACGGAATCTA-1,Region3
CCTTCAACGGTCGGTT-1,Region1
CCTTCAGCACAACGTT-1,Region3
CCTTCAGGCGGTACGG-1,Region3
CGAACCACTTAGGATC-1,Region1
CGAACCGATAGTATCT-1,Region3
CGAACGATGCAGACGC-1,Region2
CGAACGCTCGCACTGA-1,Region2
CGAAGACTGTTGACGC-1,Region3
CGAAGGTTGTCTATGT-1,Region3
CGAAGTAGGACGCATG-1,Region1
CGAAGTGACAACTCGG-1,Region3
CGAAGTGAGCCTTGCG-1,Region3
CGAATCAACTCATTGC-1,Region3
CGAATCAGCGAGTGGC-1,Region2
CGAATCCTGCGACATT-1,Region3
CGAATGGAATCGTGAC-1,Region3
CGACCAGCTGGCCAAC-1,Region2
CGACCAGGCGGACAGA-1,Region2
CGACCTATACTAGTCC-1,Region1
CGACGCAGATACAACC-1,Region3
CGACGCCGTACGTTCT-1,Region3
CGACGCGAGCTCCAAG-1,Region3
CGACGCGAGTCTCATC-1,Region1
CGACGCTCACATAAGT-1,Region1
CGACGCTCTTAGGTCA-1,Region3
CGACGGAGATCTCGTC-1,Region1
CGACTAAGGCAGCGAC-1,Region3
CGACTAGATGCTATTG-1,Region2
CGAGAACGGACATGAT-1,Region1
CGAGACGACACGCTTG-1,Region3
CGAGATTGCGAGTCAT-1,Region3
CGAGCGGCTACATAGC-1,Region3
CGAGCGTAATCTGCGT-1,Region3
CGAGGAAGATTCGATT-1,Region3
CGAGGAGCGAGGTTGT-1,Region3
CGAGGATACTGTACTC-1,Region3
CGAGGATATTGAAGCG-1,Region3
CGAGGATTATGCCTTC-1,Region3
CGAGGATTCATCCAGC-1,Region3
CGAGTCATAAGTCCGT-1,Region2
CGATAAGGAGCGAATA-1,Region3
CGATGAAGATGTCCAT-1,Region1
CGATGAATTCGGCAGT-1,Region3
CGATGAGGAAGTGCCG-1,Region3
CGATGAGGTTACTCTG-1,Region2
CGATGAGTTCCGACAG-1,Region3
CGATGCTGCGTGCATT-1,Region1
CGATGGCACTCGTGAA-1,Region3
CGCAAGTCCTACCGTT-1,Region3
CGCAAGTCTTCGCTCC-1,Region1
CGCAAGTGAACTGTTC-1,Region1
CGCAATACTTATCTTG-1,Region2
CGCAATCTGCGTGAAT-1,Region3
CGCAATGTGAAGATTC-1,Region3
CGCACGCACGGAGCCT-1,Region3
CGCACGCCATAGGTAG-1,Region1
CGCACGGTAGGAAGTG-1,Region3
CGCACTACTTGTACAG-1,Region1
CGCACTTCTAGCGGCT-1,Region3
CGCAGACAGGATCCGT-1,Region3
CGCAGACGGTGACAGC-1,Region2
CGCAGATAACATACTA-1,Region3
CGCATATCTGGAAGGA-1,Region2
CGCATCGCACTCGGAT-1,Region3
CGCATCTTACGCAACT-1,Region1
CGCATCTTGACAGTTA-1,Region3
CGCCTATTCTTAACTC-1,Region3
CGCCTCTAACTTACAT-1,Region1
CGCCTCTGTCCTGCCA-1,Region1
CGCCTTATGTCCAGAA-1,Region2
CGCCTTCATTCAAGAC-1,Region3
CGCCTTGTCGACCGAG-1,Region3
CGCTACAGTGCCAGGT-1,Region3
CGCTAGACCATGGTAG-1,Region1
CGCTAGCCGTTCATGG-1,Region3
CGCTAGGAGTTAATTA-1,Region3
CGCTATCTATAATCAC-1,Region3
CGCTATTAGCGTTAAC-1,Region1
CGCTCGAATAACAATT-1,Region3
CGCTCGAGGTGCTTGT-1,Region2
CGCTCGAGTACATAAT-1,Region3
CGCTGAACAATAAGCG-1,Region3
CGCTGACGCTCATCAA-1,Region2
CGCTGCACTAATACAT-1,Region2
CGCTGCCATGAAGGCT-1,Region1
CGCTGCGAAGATCCTA-1,Region3
CGCTGCGGAGCACGTT-1,Region3
CGCTGCGGTCCATCAC-1,Region3
CGCTGCTTGCTTCAGT-1,Region3
CGCTGTATCCGGTTCT-1,Region3
CGCTTAAGTAATTCGT-1,Region2
CGCTTACCATGCTAGT-1,Region3
CGCTTAGTAATCACGC-1,Region2
CGCTTAGTGACTCGTT-1,Region2
CGCTTCCGTGACTCTG-1,Region1
CGCTTCCTACAGCTTC-1,Region3
CGCTTGATCTCGCAGC-1,Region2
CGCTTGGACATGTCAC-1,Region3
CGGAACCAGCCGGCAC-1,Region3
CGGACGAGGACATTGT-1,Region1
CGGAGCACGGCCATTG-1,Region3
CGGAGCTATGTATCAG-1,Region3
CGGAGGCATACGCTGT-1,Region1
CGGAGGCGCCAGTAAC-1,Region3
CGGAGTGGTCGCGACC-1,Region2
CGGAGTTCACTACCGG-1,Region2
CGGAGTTCGGCGCCGA-1,Region2
CGGATAGCGTGAGTTA-1,Region1
CGGATTCGAATAACCT-1,Region3
CGGCAAGATGAAGACG-1,Region2
CGGCAATGGCACAGCC-1,Region3
CGGCACATCCTAATCT-1,Region3
CGGCATGGTGAGACTG-1,Region1
CGGCATTATGAATAGC-1,Region3
CGGCCATTATAATGTT-1,Region2
CGGCCGACGTCCAGTC-1,Region1
CGGCCTCCATAGGCTT-1,Region2
CGGCCTCCTTATAGCG-1,Region3
CGGCCTGCCTTAGTGG-1,Region3
CGGCGTAAGCGACAGC-1,Region1
CGGCGTAGCCTCCGCT-1,Region1
CGGCGTCATGATACAA-1,Region3
CGGCTCCTATCTTGGC-1,Region2
CGGCTGACATCTCCGC-1,Region2
CGGTAGATTCGCTCGG-1,Region3
CGGTAGCAGTCATACT-1,Region1
CGGTAGCGGTCTGTAC-1,Region1
CGGTCCATGCCTACCT-1,Region3
CGGTCCTTCCGCTTGG-1,Region2
CGGTGAACTACGACTT-1,Region1
CGGTGATTAGAACTTC-1,Region2
CGGTGCACATAGTAAC-1,Region3
CGGTGCGTTAACAAGT-1,Region2
CGGTTAGAGTCTCGAC-1,Region1
CGGTTGCAGGAGTGAC-1,Region1
CGGTTGGCCATAGCCG-1,Region3
CGGTTGGCGTAGATAC-1,Region1
CGGTTGTCAGCTGACC-1,Region2
CGTAACATGGAAGCTT-1,Region3
CGTAAGACTAATCCAA-1,Region3
CGTACAGTTCACGAGG-1,Region1
CGTACATTGCTGGCAC-1,Region2
CGTACTTACTGGCCAG-1,Region1
CGTACTTAGGACTCAG-1,Region2
CGTAGAGCAAGAGGCT-1,Region3
CGTAGTCGAGGATTAT-1,Region3
CGTAGTTGGTGACCAC-1,Region3
CGTCACGTCTACGTAG-1,Region3
CGTCACTGGAGGTATT-1,Region3
CGTCCAGACTGTCTAA-1,Region3
CGTCGCTTGGATTAAT-1,Region3
CGTCGGATCAGCCGGC-1,Region3
CGTCTTCATCACGATT-1,Region3
CGTGAGCAGGCTACCA-1,Region1
CGTGGCCGCAGTGGAT-1,Region2
CGTGGCCTCATAAGCC-1,Region3
CGTGGCGAGCGATAGC-1,Region3
CGTGGCGATTGCCACT-1,Region1
CGTGTACGCTGGCAAT-1,Region2
CGTTACGGTTCTCGGA-1,Region2
CGTTACTCTTATCTGT-1,Region3
CGTTCCTCGCTTCTCG-1,Region1
CGTTCTCGTACTATAG-1,Region3
CGTTCTGGTGCTTCTG-1,Region3
CGTTGGTAGAAGCTCG-1,Region3
CGTTGGTGCACGCCAC-1,Region3
CGTTGTCAATTAGCCA-1,Region3
CTAACAGCTGAAGAGG-1,Region3
CTAACCACTGAGATGA-1,Region1
CTAACCTATCGATTAT-1,Region3
CTAACGTGCTGAGTCT-1,Region1
CTAACTAACGGCCAGC-1,Region3
CTAAGACTTCCTAAGA-1,Region2
CTAAGAGGAATCACTG-1,Region3
CTAAGGTGCTGTTAAG-1,Region3
CTAATATCATGGTCTG-1,Region2
CTAATCTGGCATCAAG-1,Region3
CTAATTACCTATGCAC-1,Region3
CTAATTGACCTTCGAG-1,Region3
CTACAGATCAACCTCA-1,Region3
CTACAGCCTGAAGTCT-1,Region3
CTACAGCGGTGATTCT-1,Region1
CTACAGGTGCTATGGC-1,Region1
CTACAGTAACGCCTCG-1,Region2
CTACCAAGACCGTTGG-1,Region3
CTACCATCCAGCGAAT-1,Region2
CTACCTCCACCTAGCC-1,Region1
CTACCTTAGATAACGG-1,Region3
CTACGAATGACTGTAT-1,Region3
CTACGAGTAACGAAGG-1,Region3
CTACGAGTATCAGATA-1,Region2
CTACGAGTTGCGGTTG-1,Region1
CTACGATCAATAACTC-1,Region2
CTACGATGGCTTGATC-1,Region3
CTACGCACAGGATACA-1,Region1
CTACGCTTCCTGTTCA-1,Region3
CTACTCCTGGACGTAG-1,Region2
CTACTCGGAATTGCTT-1,Region2
CTACTCTAGGCGACAT-1,Region1
CTACTCTGCTTCGGTA-1,Region3
CTACTGAGACGAGCCA-1,Region3
CTACTGCCGCGTTGTC-1,Region1
CTACTTCATGTTATAA-1,Region3
CTAGATAGTGATCGTT-1,Region1
CTAGATGATTCTGGAT-1,Region2
CTAGCAACTGGACAGA-1,Region2
CTAGCACGCTACTCCG-1,Region3
CTAGCACTCATGACGC-1,Region3
CTAGCACTCGGAAGGA-1,Region1
CTAGCACTGGCCTCCA-1,Region1
CTAGCACTGTCTTGAC-1,Region3
CTAGCAGGTGGAGCCA-1,Region2
CTAGCATATCACAGTC-1,Region1
CTAGCGGAATCTAGTT-1,Region2
CTAGCGTCGGTTATCT-1,Region3
CTAGGAACTCACTTAG-1,Region3
CTAGTTCCAATCTTAG-1,Region1
CTAGTTCTGGTGTAAC-1,Region3
CTAGTTGAGTATAGCT-1,Region2
CTATAACCAGGTGGCG-1,Region3
CTATAACGTGCACGTA-1,Region1
CTATAGCAGATGGCAT-1,Region2
CTATCAGAGCTAACCG-1,Region3
CTATCCACAGTGTACT-1,Region3
CTATCCGCTCATGGTC-1,Region3
CTATCCGTGGATGCTG-1,Region3
CTATCCTGCTGTCGTT-1,Region1
CTATCCTTAAGTACTT-1,Region2
CTATCGAAGGACGGAA-1,Region3
CTATCGGCCAGCCTGC-1,Region3
CTATCGGTCCATCTCC-1,Region3
CTATCGTTCGCCGAAT-1,Region3
CTATCGTTGCCTACGG-1,Region3
CTATCTCCGGCGACCA-1,Region3
CTATGCCAACTGAGGC-1,Region2
CTATGCTTCTACGGAT-1,Region3
CTATGTGCCGACTACC-1,Region1
CTATGTGCCTTGCTAC-1,Region3
CTATGTGCTAACCTGT-1,Region3
CTATTAAGCGTGTATG-1,Region3
CTATTAAGCTGTCGGC-1,Region2
CTATTAAGGATACACC-1,Region3
CTATTACACTATAGGA-1,Region2
CTATTAGCTAGGCGTC-1,Region1
CTATTAGTTCTTCGTT-1,Region2
CTATTATGGACACGGT-1,Region1
CTATTATGGCTGACCA-1,Region3
CTATTCATCCAGACCG-1,Region3
CTATTCCGCCTTCGCA-1,Region3
CTATTGTAGCAGTAGA-1,Region1
CTCAATACTCGACTGT-1,Region1
CTCAATCTCACCATGC-1,Region1
CTCAATCTCCGGAGCC-1,Region2
CTCACCTGAGTCCGCT-1,Region2
CTCACCTGCGTTATAG-1,Region2
CTCACGAAGTCATAGG-1,Region3
CTCACGAGGTTAATTA-1,Region1
CTCACGGTATGTACGG-1,Region2
CTCAGAGGTATGCGAG-1,Region3
CTCAGCCTCAGTTCGG-1,Region1
CTCAGGCGCATCCATC-1,Region3
CTCAGGTCCATTCCGA-1,Region3
CTCATAATGAGGAAGG-1,Region2
CTCATAATGGATGGCC-1,Region3
CTCATACTTATGAGGT-1,Region1
CTCATATGTAGGTACA-1,Region3
CTCATCCAGCTTAAGG-1,Region2
CTCATCGAGCGAGTTA-1,Region3
CTCATGAAGTCGCACC-1,Region3
CTCATGCTCGCTTATC-1,Region3
CTCCAACATTATGAAT-1,Region3
CTCCAACGGCTCGGTC-1,Region3
CTCCAAGCCGGATTCG-1,Region2
CTCCAAGTTGCATGAT-1,Region3
CTCCAATGGACACTCC-1,Region3
CTCCACTTCTTAGAGG-1,Region2
CTCCAGCCGTTGGTAG-1,Region3
CTCCAGCTATCGGACT-1,Region3
CTCCAGTTGGAAGCGT-1,Region3
CTCCATGGAAGATATT-1,Region3
CTCCATTACAGACGTT-1,Region1
CTCCGCTAGTGCTAAC-1,Region2
CTCCGGCAGTTAACTT-1,Region1
CTCCGGTATGCTTCGG-1,Region1
CTCCGTAACCTTCTTG-1,Region3
CTCCTAAGCAACGATG-1,Region1
CTCCTAAGTCGGTTGT-1,Region3
CTCCTACTGCCTTCTA-1,Region3
CTCCTAGATTACGACC-1,Region1
CTCCTTACCACGGCCA-1,Region2
CTCCTTATAAGGAGTT-1,Region2
CTCCTTCGATTCGGAA-1,Region2
CTCCTTCGCAGACGCC-1,Region1
CTCGACATGTTGCCTT-1,Region1
CTCGACTGAGCTAAGA-1,Region1
CTCGACTGTAATGCCT-1,Region3
CTCGATAGGCCTCAGG-1,Region3
CTCGATGCTTCGATTC-1,Region3
CTCGATTCGACCAGCT-1,Region3
CTCGCATATCAACACG-1,Region3
CTCGCTTGCCATTGGC-1,Region2
CTCGGAAGCGGACGTA-1,Region3
CTCGGAATCAACCTTC-1,Region1
CTCGGAATGTGACACT-1,Region3
CTCGGACCAGATACGT-1,Region1
CTCGGACTGTCAGTAG-1,Region3
CTCGGTACATACTGTA-1,Region3
CTGAACATGGTCGCCT-1,Region1
CTGAACCAATGGTCTT-1,Region2
CTGAAGACAGACGAAT-1,Region2
CTGAAGGAATTCTAGC-1,Region3
CTGAAGGCACTTAGAT-1,Region1
CTGACGTAGTCGGAGT-1,Region1
CTGACTAAGCAGCCGC-1,Region2
CTGACTAAGGATTGAA-1,Region3
CTGACTAGTCTGGATG-1,Region3
CTGACTATTGGATCTA-1,Region1
CTGACTGGAATTACGT-1,Region2
CTGACTGGAGATAATG-1,Region3
CTGACTGTACGCACCT-1,Region1
CTGACTTCAGTGGCTG-1,Region3
CTGACTTCCGGCTTAT-1,Region3
CTGATCTTAGACCGAG-1,Region3
CTGATTAAGCATAACA-1,Region2
CTGATTGCATGGCATC-1,Region3
CTGCATACAAGCGAGT-1,Region3
CTGCATACGGACAATT-1,Region2
CTGCATGGACGCGGTC-1,Region3
CTGCCGAGGAGTTAAT-1,Region3
CTGCCGAGTAATAGCT-1,Region1
CTGCCGATGCGTGGTC-1,Region1
CTGCCGCTAGCGGTCA-1,Region3
CTGCCTAAGCCTGTGC-1,Region3
CTGCGAGCGGTAACTT-1,Region3
CTGCGGCAAGCCTATT-1,Region3
CTGCGGTCATCTCGAT-1,Region3
CTGCGTATGTAAGCGA-1,Region2
CTGCGTCGTACTTGTC-1,Region1
CTGCTAAGCGTAAGTC-1,Region1
CTGCTACCGCTTCTGC-1,Region2
CTGCTAGCATAGCTGT-1,Region2
CTGGAACAATCCGCTC-1,Region3
CTGGACAACCTCTTGA-1,Region3
CTGGAGTCCTATTGTC-1,Region1
CTGGCCTGTAGCGGCA-1,Region3
CTGGCTACCACGACGC-1,Region3
CTGGCTAGCGTGAATT-1,Region2
CTGGCTCAGACTAACG-1,Region1
CTGGCTCGGTTCTACC-1,Region1
CTGGCTGTACTAGATG-1,Region3
CTGGCTGTAGTTATGG-1,Region3
CTGGTAAGCTTAACCG-1,Region3
CTGGTGATCACTCCGT-1,Region2
CTGGTGGCAGCCTAGA-1,Region3
CTGGTGGCGATGTCAG-1,Region1
CTGGTTCTCAGCCGAA-1,Region3
CTGTAATAGGATAAGA-1,Region2
CTGTAATTCGGATGTA-1,Region3
CTGTACCTCATACCGG-1,Region1
CTGTCAATGGCTATTA-1,Region3
CTGTCCTACTAAGGCA-1,Region1
CTGTGCAGTAGGTGTA-1,Region2
CTGTGCCGTGGTTCAG-1,Region2
CTGTGCGACGAATCAC-1,Region2
CTGTGCGATAACGAAG-1,Region1
CTGTGCTCAGATCCGC-1,Region3
CTGTGGATACCTAGGA-1,Region2
CTGTGGATCCTTCAAG-1,Region2
CTGTTACCTAATGAGT-1,Region3
CTGTTCGTGGTTGTAG-1,Region1
CTTAACCACGTCTAGT-1,Region3
CTTACGATTCCACGTC-1,Region3
CTTACGGAACTATTGG-1,Region3
CTTACGGTCCAGTTCT-1,Region3
CTTACGGTGCCTATAC-1,Region2
CTTAGACAAGTTCGGT-1,Region1
CTTAGCAATTGCACCA-1,Region1
CTTAGCACTCTTATGC-1,Region3
CTTAGCCTTAATTAAC-1,Region3
CTTAGCTTATGCTTCA-1,Region1
CTTAGTTGCGACTAGC-1,Region1
CTTATCACGCTATGCT-1,Region1
CTTATCGAACTTACTC-1,Region1
CTTCAAGAGCTTATAG-1,Region3
CTTCAATGACGTCATC-1,Region2
CTTCCACCGGTAGTAT-1,Region2
CTTCCGACATAAGCTT-1,Region3
CTTCCTAGAACTTGGC-1,Region3
CTTCGAACGACACTGC-1,Region3
CTTCGAATAACCACCG-1,Region3
CTTCGAATGTTCCATA-1,Region3
CTTCGACCAGTGCAAT-1,Region2
CTTCGAGCCTTCCGAT-1,Region2
CTTCGAGGCCTCGCAA-1,Region1
CTTCGCTCTGGTGACA-1,Region3
CTTCTAACGGTCTGTC-1,Region2
CTTGAAGACCTGCTTA-1,Region3
CTTGAATCTGGTCGTG-1,Region3
CTTGAGCTGAATAGTC-1,Region3
CTTGATCTGCAGCGGT-1,Region3
CTTGCCTCGTAATTGC-1,Region1
CTTGCGCTATGGTGTC-1,Region2
CTTGCTACCAGTCTCG-1,Region3
CTTGGACAGAGCATCA-1,Region1
CTTGGACAGTCGAGTC-1,Region1
CTTGGACTACGAGTTA-1,Region2
CTTGGATTCAGGAGAA-1,Region2
CTTGGTAGAAGTCGGT-1,Region2
CTTGGTTATCTATTAA-1,Region3
CTTGTATCGCATACCG-1,Region3
CTTGTATCGTTGCTAT-1,Region3
CTTGTCAAGTCTAATC-1,Region1
CTTGTCGCTGAATACC-1,Region3
CTTGTCTATCACATCT-1,Region3
GAACAAGCTCGCACGT-1,Region3
GAACAGTGCGCAATGT-1,Region3
GAACATTCCGGCAGGT-1,Region1
GAACATTGAGTTATCG-1,Region3
GAACCGGAAGTCGTGG-1,Region1
GAACGCTTATACCTAG-1,Region1
GAACTGCGGCCGATGA-1,Region1
GAACTTGAATACAGAA-1,Region1
GAAGCCGGCACGCTGC-1,Region3
GAAGCGAGCCACGGCT-1,Region1
GAAGCGGAACTTGAGC-1,Region1
GAAGCGGAATTAATGT-1,Region3
GAAGCGGCTTGACCTC-1,Region1
GAAGCTAGGATAGTCC-1,Region3
GAAGCTTACCAAGGTG-1,Region3
GAAGCTTAGCATGCGT-1,Region2
GAAGCTTCGTATTATC-1,Region3
GAAGCTTGCACCGTCG-1,Region3
GAAGGCTGCAAGTCTT-1,Region2
GAAGTAATGACTGGAC-1,Region3
GAAGTCGACATCAACT-1,Region1
GAAGTCGCGTCACCGC-1,Region2
GAATACGGTGCATATT-1,Region1
GAATCCATTGTATGAC-1,Region3
GAATCCTCTTGTGATT-1,Region3
GAATGAACCTTATCCA-1,Region3
GAATGAACTGTACAGA-1,Region3
GAATGACACGCTGTAG-1,Region1
GAATGACTACGCATGA-1,Region3
GAATGAGGACTTCTGA-1,Region3
GAATGGACGACTTGAA-1,Region3
GAATGGAGATGTCGGT-1,Region3
GAATGGAGTTCGCTGC-1,Region2
GAATGGCACTTGTAGA-1,Region3
GAATGGTTAGCTAAGG-1,Region3
GAATGTATGACCTTCC-1,Region2
GAATTAGATTGGTAAG-1,Region3
GAATTCTGATAAGTAT-1,Region3
GACAACGGTAGAACCT-1,Region1
GACAACGTTAGTCACG-1,Region2
GACAAGACTCAAGTTC-1,Region3
GACAATTGTCTTGCTT-1,Region1
GACAGAATAGGTGCCT-1,Region1
GACAGACGCTTGAGGA-1,Region3
GACAGACGGACAGAAC-1,Region3
GACAGAGGTAAGGTAA-1,Region3
GACAGGTATGAGACGC-1,Region3
GACATCACGACACCTG-1,Region3
GACCACTCGCATTCAG-1,Region3
GACCGATGAGCTTGTT-1,Region3
GACCGCGTAATACAAG-1,Region3
GACCGGTAAGCTCACG-1,Region2
GACCGGTTCTGTCGCC-1,Region1
GACCTGATGGATGCCT-1,Region1
GACCTGCACTGTTATT-1,Region2
GACCTGCTAGTAGATC-1,Region3
GACCTGCTCCAACTTA-1,Region2
GACCTGGTTGGACGCA-1,Region3
GACCTGTCATCGGTCA-1,Region3
GACGAGATCTCAACAT-1,Region1
GACGAGGTGAGGTTGC-1,Region1
GACGAGTAGAAGCCTA-1,Region3
GACGCAACGTACTAAT-1,Region3
GACGCACGCAATTCTT-1,Region2
GACGCCTCCAACTACA-1,Region2
GACGCTCGTAGGTGTA-1,Region1
GACGGTCTATTCGCAT-1,Region3
GACGGTCTGGCTAATC-1,Region3
GACGTTACCACGCAGG-1,Region3
GACGTTGAACTACACG-1,Region3
GACTAGCCGCGACAGC-1,Region1
GACTATTCGGCCTACT-1,Region3
GACTGAGTATGCCGGC-1,Region2
GACTGGCTTAAGTGTT-1,Region2
GACTGGTGGCTTGGAG-1,Region3
GACTTAATGACAACTC-1,Region3
GACTTAGGATCTCCAG-1,Region2
GACTTGAGTGCAGCGT-1,Region3
GACTTGCATAGGTAAT-1,Region2
GAGCATTGCAGGAGCC-1,Region3
GAGCGACGTCGATTGG-1,Region2
GAGCGATAGCGAGGTC-1,Region2
GAGCGGATGCGTGATA-1,Region3
GAGCGGCTCCGCTACC-1,Region1
GAGCGGTGCTCCGCCA-1,Region2
GAGCTATTACCGCCAG-1,Region3
GAGCTGGTGATCTGCA-1,Region2
GAGGAACATTGACGAT-1,Region3
GAGGAAGCACTCGGAG-1,Region3
GAGGAAGGCAGAGTAA-1,Region3
GAGGAAGGTGAACATA-1,Region1
GAGGATGCTCACATCG-1,Region2
GAGGCCACAGTGGCAG-1,Region2
GAGGCCTAGTGATGCT-1,Region3
GAGGTAGAGTGACAGC-1,Region1
GAGGTAGTTCATAACA-1,Region1
GAGGTCACTCGGACGG-1,Region2
GAGGTCATAGGACATA-1,Region3
GAGGTGCCTCACGCTC-1,Region3
GAGGTGCGCCTGCGAT-1,Region3
GAGGTGCGTAGTTCAC-1,Region1
GAGGTGTATGGTTCTG-1,Region3
GAGTCACGACAACCTT-1,Region2
GAGTCACGCAGGAGCA-1,Region2
GAGTCCACGAACTAAC-1,Region3
GAGTCCGTGAAGATTG-1,Region2
GAGTCCTGAGCCGATT-1,Region3
GAGTCTCGTTGCCAGT-1,Region1
GAGTGCGATAAGGCCT-1,Region3
GAGTGGAATTATCTTC-1,Region3
GAGTTAGTTCGGAGGT-1,Region1
GAGTTCAGTCGGTCAT-1,Region2
GAGTTCCAACCTCAGA-1,Region3
GATAAGAAGTACGCGG-1,Region3
GATAAGACCAGTCTAC-1,Region3
GATAAGGCTGGCTACT-1,Region3
GATACTTCGTACAGTT-1,Region3
GATAGAGTCATCTTAC-1,Region1
GATAGAGTCGCTGGCA-1,Region1
GATATCAGAATGGACG-1,Region3
GATATGCTGTAACTGT-1,Region3
GATCACTCGTAGCTAG-1,Region3
GATCCAATGCTCGTGC-1,Region3
GATCCAATTGATGTGG-1,Region3
GATCCACTGTTGCTGT-1,Region1
GATCCATACCACCTAG-1,Region1
GATCCGGAACTCAGAT-1,Region3
GATCCGGACTATGCCA-1,Region1
GATCGCAGTTACATAC-1,Region1
GATCGTGCAGCTTAGT-1,Region1
GATCGTGCATCCAGCT-1,Region3
GATCGTGGATCTACAG-1,Region2
GATCTTATCTCCATCA-1,Region3
GATCTTCATTCGAACC-1,Region1
GATCTTGTCCTTCGTT-1,Region3
GATGACATTCGAAGTG-1,Region2
GATGACTTAAGTTAAC-1,Region3
GATGAGTCCGCTGTCG-1,Region1
GATGCCAAGTGAGTTA-1,Region2
GATGCCTAACAGGCAG-1,Region1
GATGGACTAAGGCGAT-1,Region1
GATGGACTAAGTGACA-1,Region2
GATGGACTACAGGTAG-1,Region3
GATGGAGTCCGCGATG-1,Region1
GATGTAAGACTCGTTA-1,Region1
GATGTAATCATGCCGT-1,Region3
GATGTAGGCGTGCGGA-1,Region1
GATGTCCGATACGGTC-1,Region3
GATTAAGATGCGTCGA-1,Region3
GATTAAGCCTACTGAG-1,Region2
GATTAATTCACTAGAA-1,Region3
GATTAGTTAATCATTC-1,Region2
GATTATTCCAACTACC-1,Region3
GATTCAGCTTAGGCTT-1,Region2
GATTCCGATCGCGATA-1,Region2
GATTCCGCAATGGCAA-1,Region1
GATTGAAGACATTCGT-1,Region2
GATTGATACAGAAGGC-1,Region2
GCAACACCGTATGATC-1,Region1
GCAACACCTACACTGT-1,Region3
GCAACACTAACCGGCG-1,Region3
GCAACAGTCGGTTAGG-1,Region2
GCAACTTAGACACCAA-1,Region3
GCAAGAACGAAGGTTC-1,Region1
GCAAGAATCACCGATC-1,Region2
GCAAGAATGTCAGTTG-1,Region3
GCAAGAATTCCGACCG-1,Region3
GCAAGACGCAGGTGTC-1,Region3
GCAAGACGCTCAGACC-1,Region3
GCAAGATATCCAAGTA-1,Region3
GCAAGCAGTGCTAGCC-1,Region3
GCAAGTCGAAGAGTCG-1,Region3
GCAAGTCGGCCGACTT-1,Region1
GCAATCGTCAAGTCGT-1,Region2
GCAATTAGCGAAGCAA-1,Region2
GCAATTGAGTCTGCGA-1,Region2
GCACAGGTCAACAGCT-1,Region2
GCACCACGACAGTGAG-1,Region3
GCACCTATTACAGCCT-1,Region1
GCACGAACGGCATGTA-1,Region3
GCACGAAGCAAGGCCA-1,Region3
GCACGACTACAACGCA-1,Region1
GCACGCCTGTTCCTAT-1,Region2
GCACGCTTCGCCTTAA-1,Region3
GCACTGCTCATCCTGT-1,Region3
GCACTGTTAGTGGCAT-1,Region3
GCACTGTTCTATACCG-1,Region3
GCAGACGACACTACTT-1,Region3
GCAGATACGAGTATAG-1,Region3
GCAGATCGAACCACGT-1,Region3
GCAGATTCACGCGGCT-1,Region3
GCAGCGAGTAAGTAAT-1,Region3
GCAGCGCAAGTGGTGA-1,Region1
GCAGGCCACTTAGACG-1,Region1
GCAGGCCATGCTATAG-1,Region2
GCAGGCTCAGATACAA-1,Region3
GCAGGCTCAGTGCAAT-1,Region1
GCAGGCTCCAGGAGGC-1,Region3
GCAGGTCAATAGCGAC-1,Region1
GCAGTGGTCGCCTGGT-1,Region1
GCAGTTCGATAGGTTG-1,Region2
GCATAAGGACATGGTT-1,Region1
GCATGAGTACCAACGA-1,Region3
GCATTAATTACGGTTG-1,Region3
GCATTACCGCTGAATT-1,Region2
GCATTGCGCATCGGCC-1,Region1
GCATTGTCGAGTATGG-1,Region1
GCATTGTCTGGTGACA-1,Region2
GCATTGTTGATTCGGC-1,Region2
GCCACCGACTGCTTAG-1,Region3
GCCACGAATTAGTTGT-1,Region2
GCCACGAGCAGAGCGG-1,Region3
GCCACGGCTCGCAAGC-1,Region3
GCCACTATGGTTGGCC-1,Region1
GCCACTCCTTCTTAAT-1,Region3
GCCAGAAGATTGTAAG-1,Region2
GCCAGTATCTAACAGA-1,Region2
GCCATAAGTTAACACT-1,Region3
GCCATAATAGCTAGAC-1,Region1
GCCGACCTCGCCTAAC-1,Region2
GCCGATCTTACAACGG-1,Region3
GCCGCTAGCATTATCC-1,Region2
GCCGGCAGACGTTGAG-1,Region3
GCCGGCATCCGCCTCA-1,Region2
GCCGGCGTCGGATTCT-1,Region3
GCCGGCTGGAGGTAGT-1,Region1
GCCGTGAACTGTTCGA-1,Region3
GCCGTGGTTCCGGATC-1,Region3
GCCTAACGACGTTGAC-1,Region2
GCCTATAGTTGGTATG-1,Region2
GCCTATGACAGTACCT-1,Region1
GCCTCCGTTATGAGTC-1,Region1
GCCTCCTTGAAGGAGT-1,Region2
GCCTGGAAGACCAAGT-1,Region1
GCCTGTTATGCTTATG-1,Region3
GCCTGTTGTAATACCT-1,Region3
GCCTTAATGTATCCGA-1,Region3
GCCTTCACTATTAATC-1,Region1
GCCTTCTGCCTGCAAC-1,Region3
GCCTTGCGCTGTGAAG-1,Region1
GCCTTGGAAGTCGCTA-1,Region3
GCGAACAACGGAATCG-1,Region3
GCGAAGATCAGAACGA-1,Region3
GCGAAGCACCTTATAG-1,Region3
GCGAATACGGAACCGA-1,Region1
GCGAATAGTGAAGTCC-1,Region1
GCGAATGCCGTCCACG-1,Region3
GCGAATTGGACAACTC-1,Region2
GCGACAATAATGCGCA-1,Region2
GCGACGTCTATGTAGG-1,Region1
GCGAGCAGGATTCACT-1,Region1
GCGAGTAAGAGCCGGT-1,Region2
GCGATACCTAGTTCCG-1,Region3
GCGATCAGCGGAGCTG-1,Region3
GCGATCGGTTAGTTCC-1,Region3
GCGATGTATTGACTTA-1,Region3
GCGATTGATATGAATA-1,Region1
GCGGCTCGGCATGACT-1,Region1
GCGGTCACCGATAGCG-1,Region3
GCGGTCATTAGTCCAA-1,Region2
GCGGTCCTACTCGCGA-1,Region3
GCGGTTGGTGCAAGCC-1,Region2
GCGTAATGTCAACCTG-1,Region1
GCGTAGGCTTCACGCA-1,Region3
GCGTCAAGAATACGAT-1,Region2
GCGTCGCCGTCTGCAT-1,Region1
GCGTCGCCTAATCCGT-1,Region3
GCGTCGCCTCATGTCA-1,Region3
GCGTCGGTATTCGCCG-1,Region2
GCGTCGGTTCCTACAT-1,Region2
GCGTCGTAGGTAGTGC-1,Region3
GCGTCTACCGGACTTA-1,Region1
GCGTCTCACGTCTTAC-1,Region2
GCGTCTCGACGTGAAC-1,Region3
GCGTCTCGCCTCAATA-1,Region2
GCGTGCCTGGTGTCTA-1,Region1
GCGTTCGTTCAAGCCA-1,Region1
GCGTTCTTATGCAATG-1,Region1
GCTAACAGACCGTTGT-1,Region1
GCTACAATGAATGCTA-1,Region2
GCTACTTCCGGAATGC-1,Region1
GCTATCGCTAATTCAA-1,Region1
GCTCAATCTTGATCCG-1,Region3
GCTCATGAATACTGCA-1,Region3
GCTCATGATACAGCTC-1,Region3
GCTCCTCAGTCCTACA-1,Region1
GCTCGATAGCCAGTTG-1,Region1
GCTCGCACGCCTCCTA-1,Region2
GCTCGCCGCATGCCTA-1,Region1
GCTCGCGGTCACGTGG-1,Region1
GCTCGCTGCCGCGGAA-1,Region1
GCTCGCTGGATAAGTG-1,Region1
GCTCGTCTGAAGTTAC-1,Region1
GCTCTATTAACCGATG-1,Region1
GCTGAAGTTAACTCAG-1,Region3
GCTGACCAGGTGACCG-1,Region3
GCTGACTTCCGGATGA-1,Region3
GCTGCGCTTGAGGAAC-1,Region3
GCTTACTGACTGCTAA-1,Region3
GCTTATAATTAATGGT-1,Region3
GCTTATGTCTTATGTA-1,Region2
GCTTCGATGCAATGAT-1,Region1
GCTTCGATTGATTACC-1,Region3
GCTTCGCAATGCTCTA-1,Region3
GCTTCGCTCAGGTCCA-1,Region3
GCTTCGGAGTCTACAG-1,Region3
GCTTCTAATTCAGCAC-1,Region1
GCTTCTACAACCTTCT-1,Region1
GCTTCTCATAAGGTGC-1,Region1
GCTTGCCGCAGTAAGT-1,Region3
GCTTGGTCACGCCGGC-1,Region1
GCTTGGTCTGAGGAAG-1,Region2
GCTTGGTGAAGACTAT-1,Region3
GGAAGTCCTCTAGTAC-1,Region2
GGAATCCTTGCACCAG-1,Region2
GGAATCGAACATTCGT-1,Region1
GGAATGAAGGTGTATC-1,Region1
GGAATGAGACGGCCGC-1,Region3
GGAATGGTATCTCACC-1,Region1
GGAATGGTTGATGCAG-1,Region1
GGAATGTCAGACAAGA-1,Region2
GGAATGTTGCCTTGAG-1,Region3
GGACAGGTAACCGACA-1,Region3
GGACAGTCATGGTGAG-1,Region1
GGACAGTGGTTGTCTA-1,Region3
GGACCGCTCGGCTGCA-1,Region2
GGACGTTAGAAGATTG-1,Region2
GGACGTTCGCTCTGTA-1,Region3
GGACTCGCTCGATAGC-1,Region1
GGAGAATCTGACTATT-1,Region3
GGAGACAAGTGAACAG-1,Region1
GGAGATCCAATAGGCG-1,Region3
GGAGATGCTACGACAA-1,Region1
GGAGATTAATAGTACG-1,Region2
GGAGATTCCTTATGGC-1,Region2
GGAGCCGGCGACATAA-1,Region1
GGAGCGAACAGTCAGA-1,Region3
GGAGCGAGTATTGAGT-1,Region1
GGAGCGTCAGGATATG-1,Region3
GGAGCGTCTAGACACT-1,Region1
GGAGCGTTATTGGCGA-1,Region3
GGAGGCTACGTTCTAT-1,Region1
GGAGGTATCGTCCAGT-1,Region1
GGAGTCTACTGGCTCA-1,Region2
GGAGTGGAAGACGGAG-1,Region2
GGATAAGTTACACGTC-1,Region3
GGATAATTGACTAGGC-1,Region3
GGATAGGACTCGTTAG-1,Region1
GGATCGCTGACGTCAG-1,Region3
GGATCTTGCGGCATTA-1,Region3
GGATGGTCACTCAGTC-1,Region2
GGATGTGAGTCTAGCA-1,Region3
GGATTAGAGTTGCAAT-1,Region3
GGATTCCTGCGTTAAT-1,Region3
GGATTCCTGGAAGAGC-1,Region3
GGATTCTTGGAGCACT-1,Region3
GGCAAGATGATTCAAC-1,Region1
GGCAATACCTTCAGAA-1,Region2
GGCACTCCTTCCTCGG-1,Region1
GGCATACAGGCGTCCA-1,Region3
GGCATACTAAGAACTA-1,Region1
GGCATTAAGACGAAGG-1,Region2
GGCCGATAACATCTTG-1,Region3
GGCCGCCAGAAGTTCG-1,Region3
GGCCGGAGGCCAACAG-1,Region2
GGCCGGCAGCCTGAGT-1,Region1
GGCCTTACCGCTAGTT-1,Region3
GGCCTTCGGACAACCT-1,Region3
GGCGAAGTACCATTGC-1,Region3
GGCGACAACTTGTCTA-1,Region3
GGCGACGTCATGGCTC-1,Region3
GGCGACTCGAGCTAAC-1,Region3
GGCGCAAGTACTTCTG-1,Region3
GGCGCAGAAGTTGGAC-1,Region3
GGCGCCGTTGCGCAAT-1,Region3
GGCGCCTACGAATGAA-1,Region3
GGCGCCTCTAAGACCG-1,Region3
GGCGCCTTACATAGAC-1,Region3
GGCGCCTTCTCATCCG-1,Region3
GGCGGATACCGCTCCT-1,Region2
GGCGGATATGCCGAAG-1,Region3
GGCGGTCACTTCTACA-1,Region3
GGCGTGAGGAGCCGAA-1,Region1
GGCGTGAGTGTCGTTC-1,Region3
GGCGTTCTCATGGTCC-1,Region3
GGCTACGTCGTACGGT-1,Region3
GGCTATCGGTAGGACG-1,Region3
GGCTCAGGACCGAGGT-1,Region3
GGCTCAGTATTATCTT-1,Region2
GGCTCGCCTCGGTTAT-1,Region3
GGCTGACGTGCCTCGA-1,Region1
GGCTGAGCTTGCGTGC-1,Region3
GGCTGATGGTCCAGCA-1,Region2
GGCTGCTCTATTGGCC-1,Region3
GGCTGGACTGTCGTCT-1,Region3
GGCTTCATTCGCAAGA-1,Region1
GGCTTCTGGACATATT-1,Region3
GGTAAGCCTTCGGTCT-1,Region1
GGTACCGTTGCGTACA-1,Region1
GGTACCTATGTTCTCC-1,Region1
GGTACCTTAGGCTCAG-1,Region3
GGTACGGCTACTCGCT-1,Region1
GGTACGGTATTACTCC-1,Region3
GGTACGGTATTCAATT-1,Region2
GGTAGACCAGAACGCT-1,Region3
GGTAGCAATTGGTTCT-1,Region2
GGTAGCATCTGTATGT-1,Region2
GGTAGCCACGAACTCA-1,Region3
GGTAGCGTTACGGTCT-1,Region1
GGTAGCTAATTGAATT-1,Region3
GGTAGTGATGTAGTGA-1,Region2
GGTCAATATGTAAGTT-1,Region3
GGTCACCTTAGCCATA-1,Region1
GGTCACGGCTGAATTG-1,Region3
GGTCCTCAGTCAGAAC-1,Region2
GGTCCTCGATGCTCAA-1,Region2
GGTCCTGCTATTGTAA-1,Region2
GGTCCTTGTTCTTAAC-1,Region3
GGTCGCTCAGCGCCAG-1,Region1
GGTCGCTCCTCAGGAC-1,Region3
GGTCTAACGCTTGTAT-1,Region3
GGTCTAGTTATGAATC-1,Region3
GGTCTTAGGATTAGTA-1,Region3
GGTGAGACTTAGTTCA-1,Region3
GGTGAGCCACATAACC-1,Region3
GGTGAGTCAGTACGAA-1,Region3
GGTGATACTCAACCGC-1,Region3
GGTGATCGAGATAAGG-1,Region3
GGTGATCGCACTGTGA-1,Region1
GGTGATGGCTAGTTGT-1,Region2
GGTGCACGAATTCAGC-1,Region2
GGTGCGTAATGACCAC-1,Region1
GGTGGATTCTCGTTAT-1,Region3
GGTGTCGGCGGTAGTC-1,Region3
GGTTAACGCCTGGTGC-1,Region1
GGTTACCAAGTTAGTG-1,Region3
GGTTAGACGTCTATGG-1,Region2
GGTTCCAGCTACCACT-1,Region3
GGTTCCTGTCGTTCGC-1,Region3
GGTTCTAGGTCTCGGT-1,Region3
GGTTGCGAGTGACATT-1,Region2
GGTTGTACTTCCGGTA-1,Region3
GTAACACGCTAAGGCG-1,Region3
GTAACACTCCATCCAT-1,Region2
GTAACACTGACTTAAT-1,Region1
GTAACATATGTCGACC-1,Region3
GTAACATCAGCTATTC-1,Region2
GTAACCATAACTAGGA-1,Region2
GTAACCGCTCGGTGAC-1,Region1
GTAACCGGTGATTATG-1,Region3
GTAAGTCAAGGACAGA-1,Region3
GTAATCGCGTCTCGAC-1,Region3
GTAATGCCACTGTATT-1,Region2
GTAATGCGGAAGTAGA-1,Region3
GTAATGTTAATTCCAG-1,Region3
GTACAAGCGTAACCTA-1,Region1
GTACAGATGGAGACTT-1,Region2
GTACAGGACACCGATT-1,Region3
GTACAGTAACAGGCGA-1,Region1
GTACAGTCGTATTGCG-1,Region3
GTACATCGCATACACC-1,Region3
GTACATTGACAGCGAA-1,Region3
GTACCTACTGCCGGAC-1,Region3
GTACCTACTTAGTCCA-1,Region3
GTACGACATTATGCGT-1,Region3
GTACGAGTCCGGAATC-1,Region1
GTACGCAATGTTGCCT-1,Region2
GTACGCAGCGGTTCTG-1,Region3
GTACGCGAGGTCAACG-1,Region3
GTACGCTCGGAGCGTG-1,Region3
GTACGCTCTTGGCACG-1,Region3
GTACTAGACAATGTAC-1,Region1
GTACTTCGTTACTTGA-1,Region3
GTAGAACAAGCGCACT-1,Region1
GTAGACAAGCATTCAG-1,Region1
GTAGACGGCGTGAGCT-1,Region2
GTAGACTCTATCGCGA-1,Region1
GTAGCAACCGGTTATT-1,Region3
GTAGCAACGTGCTAGA-1,Region1
GTAGCACCTCGATCAC-1,Region3
GTAGCACGACTCACTG-1,Region2
GTAGCAGACGGCCAAC-1,Region3
GTAGCATACCTAGCGA-1,Region2
GTAGCATCTATCCTCG-1,Region2
GTAGCCTCGTGCAGAT-1,Region3
GTAGCGACTAACTATG-1,Region3
GTAGCGCCAACTTGAT-1,Region3
GTAGCGCTGACATTAA-1,Region2
GTAGCGTGCTACAGAA-1,Region3
GTAGCGTTACGGCTTC-1,Region3
GTAGGACTAATCCACG-1,Region3
GTAGGTGACGGCCTGT-1,Region2
GTAGTTGCTTGATGGA-1,Region3
GTATAAGGAACGACCG-1,Region2
GTATAATCGGCACCTT-1,Region1
GTATACAGCCGTCATG-1,Region2
GTATACGCACCATGCT-1,Region3
GTATAGCACCAGGTCT-1,Region1
GTATAGTATCAACCTA-1,Region1
GTATCTATCGGCCGGA-1,Region3
GTATGCCACTATCCAA-1,Region3
GTATGCGACTGGTCGA-1,Region2
GTATGCGGTAACTCAG-1,Region3
GTATGGATGCAATTCC-1,Region1
GTATGGCTCATTCTTG-1,Region3
GTATGTCTACGCTAGT-1,Region3
GTATGTCTCGGACCTG-1,Region2
GTATGTCTTCGCGTCA-1,Region3
GTATGTTAACGACCTC-1,Region3
GTATGTTCGGATTCAA-1,Region1
GTATGTTCTGCCATCA-1,Region2
GTATTAGAGCTAATAC-1,Region3
GTATTAGAGGACTCGC-1,Region2
GTATTAGATGCCAATA-1,Region3
GTATTCAGGACTCCGT-1,Region3
GTATTGGCTCTTAGAT-1,Region1
GTCAACCGGAATAGTG-1,Region3
GTCAACCTAAGCAATG-1,Region1
GTCAACCTAGATTGAG-1,Region2
GTCAACCTGGCTGCTC-1,Region2
GTCAACGCTAGACCTA-1,Region3
GTCACTAACCGGCCAG-1,Region1
GTCACTGTAACCGACA-1,Region3
GTCACTTACCATAATC-1,Region1
GTCAGCCGTGACCTCA-1,Region2
GTCAGCCTGCAGTACA-1,Region3
GTCAGCCTGTCGACTT-1,Region1
GTCAGCGAGCCGGTCA-1,Region1
GTCAGCTTCCTTCGCA-1,Region1
GTCAGCTTGCTCGTTG-1,Region1
GTCAGGAGAAGTAGGA-1,Region1
GTCAGGAGTGTCTATC-1,Region2
GTCAGGATGCTGTTGA-1,Region3
GTCAGTAGGTTGGAGT-1,Region3
GTCAGTATTGGACTAT-1,Region3
GTCAGTCCAGACGCAG-1,Region3
GTCATAAGCCGTGGCG-1,Region1
GTCATCAATTATGCTA-1,Region1
GTCATCGTGATGCGAG-1,Region3
GTCATGCGCTCCAACA-1,Region3
GTCCACGGCATCGGTA-1,Region2
GTCCAGATTCCACTAG-1,Region3
GTCCAGCGATGTCCGA-1,Region3
GTCCATCACTCAATTG-1,Region2
GTCCGTACAGGTTGAT-1,Region1
GTCCTAATCTGGCAAT-1,Region2
GTCGAGCGAGCTTAAT-1,Region3
GTCGAGTGGCGTTAGC-1,Region3
GTCGCACTCAGTGATT-1,Region3
GTCGCAGACAGTATAG-1,Region1
GTCGCAGTGGAATTCG-1,Region3
GTCGCAGTTACTCCGA-1,Region3
GTCGCATAAGGAAGGC-1,Region2
GTCGCATACTCGCCAA-1,Region3
GTCGCATCACAAGCAG-1,Region3
GTCGCATGCGACTCAA-1,Region3
GTCGCATTGCTAATAG-1,Region3
GTCGGAATCTTCTAGA-1,Region2
GTCGGCACTTGAAGGC-1,Region3
GTCGGTAATCAGCAAT-1,Region3
GTCGGTCAGGAATCGA-1,Region3
GTCGTGCTCGAATAAG-1,Region3
GTCGTGTCCTGATTGC-1,Region3
GTCGTGTCGGAGATTA-1,Region2
GTCGTTCAACCATCCA-1,Region3
GTCTAAGACTAGGCTC-1,Region1
GTCTAGCCTGATTGCT-1,Region3
GTCTAGGAACTTATTG-1,Region1
GTCTAGTTGGCACGGT-1,Region3
GTCTATAACTGATTGT-1,Region1
GTCTATACAGGCATGG-1,Region3
GTCTATCACGACCAGG-1,Region1
GTCTATTCCTTAGCCA-1,Region3
GTCTATTGACCGAGGA-1,Region3
GTCTATTGCAGTGATA-1,Region1
GTCTCAAGTTCATTCA-1,Region3
GTCTCATGCTTGCTGT-1,Region3
GTCTGAGCTCGCTAGG-1,Region3
GTCTGATACACTGAAT-1,Region3
GTCTGCAACTCAGCTG-1,Region3
GTCTGTTGCATAATCA-1,Region2
GTCTTCCTAGGCTGGA-1,Region1
GTCTTGCGTTAGTTCC-1,Region3
GTCTTGTAAGTTCTAG-1,Region1
GTGAATTAGATTGTAA-1,Region3
GTGACAATTACAGAGT-1,Region3
GTGACAGCGTTAGAAT-1,Region2
GTGACAGGATCGGCCT-1,Region3
GTGACATACCGTTAGC-1,Region1
GTGACTAGCGCAGTTG-1,Region3
GTGACTAGTTCCTCGA-1,Region1
GTGACTATCAAGGATA-1,Region2
GTGACTCAAGTGAGTT-1,Region3
GTGACTCAGATCGGCC-1,Region3
GTGACTCAGGATCCAC-1,Region1
GTGACTGCAGCGATAG-1,Region3
GTGACTGCTCCTCGAG-1,Region2
GTGACTTAGTTGATAC-1,Region3
GTGAGGCAATGGAGCG-1,Region3
GTGAGGTTCTCGTAGG-1,Region3
GTGATGGACGCTATCG-1,Region3
GTGCAAGATCGAGTCA-1,Region3
GTGCAAGCGTGAAGCA-1,Region2
GTGCACCGCACCATCG-1,Region3
GTGCACCGTGCACGTT-1,Region1
GTGCACTTAAGCAACT-1,Region3
GTGCAGCCAGCTTCTG-1,Region3
GTGCAGCGGAACGTGG-1,Region1
GTGCAGCTGCTCATAG-1,Region3
GTGCCACCATAATGTA-1,Region3
GTGCCGCAATGTTGGC-1,Region3
GTGCGAGGTTAACAGG-1,Region1
GTGCGTTACGCATGCC-1,Region3
GTGCGTTCTACTTGGT-1,Region1
GTGCTCCGGCAGTGGT-1,Region1
GTGCTCTACCTGACAA-1,Region1
GTGGACTGCCAGTGTC-1,Region3
GTGGAGACAACCAGGA-1,Region3
GTGGAGACGAAGGTAT-1,Region2
GTGGAGGCGACCACAT-1,Region2
GTGGAGTGGATGGACC-1,Region2
GTGGATGTAAGTGAAC-1,Region1
GTGGCGCACCGCAACG-1,Region3
GTGGCGCACGATCGTT-1,Region3
GTGGCGTTCAACGAAG-1,Region2
GTGGCGTTGAACCGCT-1,Region2
GTGGTTAACCGTTGGC-1,Region3
GTGGTTAAGTTATGTC-1,Region1
GTGGTTAGCCGCTCTA-1,Region3
GTGGTTGCCTTCTACC-1,Region3
GTTAATGCCGTCGATT-1,Region1
GTTACATCGCCGACCT-1,Region3
GTTACGCATTGCGGCC-1,Region2
GTTACGTTAGGAGTTG-1,Region2
GTTACTATCCATGGAT-1,Region2
GTTAGGCTTAGACCTT-1,Region3
GTTATCACGCTTGCTC-1,Region2
GTTATGCAACGCCTAC-1,Region3
GTTATGTCGGCGTGCG-1,Region1
GTTATTCTCGCTAAGA-1,Region3
GTTATTCTGAGCTTGC-1,Region3
GTTATTGGCTTCCTCG-1,Region1
GTTCATACATCGACTC-1,Region3
GTTCATGACATTCACG-1,Region3
GTTCATTAAGTAACCG-1,Region3
GTTCATTCGCTACATG-1,Region3
GTTCCGATCAATTGCG-1,Region1
GTTCCGGCTGGTACTC-1,Region1
GTTCCGTGATGCGTAG-1,Region3
GTTCCTGGCCAAGAAC-1,Region3
GTTCGAGCGTTGCTTA-1,Region2
GTTCGCGGTTCATCAG-1,Region3
GTTCGCTGAGCTCGGT-1,Region1
GTTCTAACATCAACCA-1,Region2
GTTCTAACGGAACGGT-1,Region3
GTTCTTCGTCGCCAAC-1,Region3
GTTGAAGGACCAAGTC-1,Region1
GTTGACGTATTCCATT-1,Region2
GTTGACTTAGGTACCT-1,Region2
GTTGACTTAGTGTCTG-1,Region3
GTTGACTTCCAAGGAA-1,Region3
GTTGAGAACAGACATG-1,Region2
GTTGAGCGGTGGACGA-1,Region3
GTTGAGCTAATACTCA-1,Region2
GTTGCCACCTGACCAG-1,Region3
GTTGCCGTCCGCTCTG-1,Region3
GTTGCTAGCGTTAACG-1,Region3
GTTGCTCCGTATCGAG-1,Region2
GTTGCTTACAAGTAGG-1,Region1
GTTGGCCGATCGCCTG-1,Region3
GTTGGCCGTGAACCGA-1,Region3
GTTGGTTATGAGCTGT-1,Region1
GTTGTAATAGACGTCA-1,Region3
GTTGTACCGCGACGAA-1,Region2
GTTGTCGTAATTACAT-1,Region3
GTTGTCTGAGAATTCT-1,Region3
GTTGTCTTCCTGCGTT-1,Region1
TAACAATTAGACGCCG-1,Region1
TAACAGACGTGAAGGC-1,Region1
TAACAGCATCACGATA-1,Region2
TAACAGTTACTCGGAC-1,Region3
TAACATCATGCTACGG-1,Region3
TAACCGAACTGTTGCG-1,Region2
TAACCTTGAGTGCTTA-1,Region3
TAACGAGCACCGCCAG-1,Region3
TAACGAGCCTTCGCCT-1,Region1
TAACGAGTAGGTCATG-1,Region2
TAACGATGACGTCAGA-1,Region2
TAACGCATCACCTATT-1,Region2
TAACGCGGCTGAGGAC-1,Region2
TAACGCTCGGAGTGAT-1,Region2
TAACGCTCTACGCAAG-1,Region3
TAACGTAAGGCGTGAA-1,Region1
TAACTCGCGGCCGTTG-1,Region2
TAACTGAGAATTAGAA-1,Region3
TAACTGATTAACTAGT-1,Region1
TAAGAACGACTAACGT-1,Region2
TAAGAACGCACGTCTT-1,Region3
TAAGAATAACTCCTCG-1,Region2
TAAGAATCAGACAGAT-1,Region3
TAAGATACTAGAGCCT-1,Region3
TAAGATCTAGGACCTT-1,Region2
TAAGATCTGTACTACG-1,Region1
TAAGCAGGAGTGCACT-1,Region1
TAAGCAGTACAGGCAG-1,Region3
TAAGCATCGCTCATAG-1,Region3
TAAGCATTGGAGTGGC-1,Region2
TAAGCCAACCAACTTG-1,Region3
TAAGCCTGCGCATGGT-1,Region3
TAAGGCCGTCGCTCAT-1,Region3
TAAGGTATAATCTTGG-1,Region3
TAAGGTATACGAACGG-1,Region2
TAAGGTCCGGTTATAC-1,Region1
TAAGGTGACCTTCCAG-1,Region1
TAAGGTGGCCGCTCCG-1,Region3
TAAGTGCAGGAAGGAA-1,Region3
TAAGTGCCGATATTGT-1,Region3
TAATAGCCACGAACTA-1,Region3
TAATAGTCGTACGTCG-1,Region3
TAATCCTTGAGCCTCG-1,Region3
TAATCTGTGACTTGCT-1,Region3
TAATGTCACTTCCTAA-1,Region1
TAATTAAGTGACGTCC-1,Region1
TAATTACCTCTAGACC-1,Region3
TAATTAGGAGCACGCA-1,Region3
TAATTGAAGAACCATA-1,Region1
TAATTGTCTACTGTTA-1,Region1
TACAACAGTTAACATA-1,Region3
TACAACCTTCTAGATG-1,Region3
TACAAGACTAATCAGC-1,Region3
TACAAGCGGATCAGAC-1,Region3
TACAAGCGGTATGTTC-1,Region3
TACAAGTCGGCCGTTC-1,Region3
TACAAGTCTGAGATTA-1,Region3
TACAAGTGCTATGGAT-1,Region1
TACAAGTTGTGAACAG-1,Region3
TACACTACATCTAGGA-1,Region3
TACACTACATTCTTGT-1,Region1
TACACTACGAAGGATT-1,Region2
TACAGATCAGTTGTAC-1,Region2
TACAGATCCTCATGAG-1,Region3
TACAGCATGTAACGAT-1,Region1
TACATAACTTATGACA-1,Region3
TACATACCAGTCTGTC-1,Region3
TACATCGTTAGTCGAC-1,Region3
TACATTCGGTACATAC-1,Region3
TACCATGGACGGTTGG-1,Region1
TACCATTACACGCAGA-1,Region2
TACCGCGAACATGCGA-1,Region3
TACCGCGAGTTGTAGA-1,Region1
TACCGGCCGAGTCGCA-1,Region1
TACCGGTTGGTTAATG-1,Region3
TACCGTATCCAGCCTG-1,Region1
TACCGTGCAGTCGATA-1,Region3
TACCGTGCCGTTGGAC-1,Region1
TACCGTGGACCAGGTT-1,Region3
TACCGTGGCATGTATT-1,Region1
TACCGTTCGGAAGATC-1,Region3
TACCTACCGGCTCAAT-1,Region2
TACCTCATCGCTGCTC-1,Region1
TACCTGTAACGGCGCT-1,Region3
TACGACGCACGATGTT-1,Region2
TACGACGTTAGGTGGA-1,Region3
TACGACTAACTGCTGA-1,Region2
TACGACTTAACGTCTA-1,Region3
TACGACTTGAACGGAG-1,Region3
TACGCTCATGAAGAAT-1,Region2
TACGCTCATTCGCTGA-1,Region3
TACGCTGCGTGCTGTT-1,Region1
TACGGAATCTTAAGCG-1,Region3
TACGGAATGTCCTGTT-1,Region2
TACGGACACGCCACTC-1,Region3
TACGGACAGAACGCTA-1,Region3
TACGGATCACCACGGC-1,Region3
TACGGATTCACTAATG-1,Region3
TACGGCGAACAGGTCG-1,Region3
TACGTACACCGTTCCT-1,Region1
TACGTAGGCATATCTT-1,Region3
TACGTATCGCGATCAG-1,Region2
TACGTATGCCACGACT-1,Region1
TACGTTCCTTAACTTG-1,Region1
TACGTTCGTCGAACTC-1,Region3
TACTAGGCCGAACTAG-1,Region3
TACTAGGTCCGCGGCT-1,Region3
TACTAGTAGGAAGTTG-1,Region3
TACTCCAGTGCACGGC-1,Region3
TACTCCGCCACTCAGG-1,Region1
TACTCGTGCTGTGCCT-1,Region2
TACTGTTGCCTATCAT-1,Region2
TACTTAGACAACTCGC-1,Region3
TACTTCAATGGAGTAA-1,Region3
TAGAACCTGTGCGGTG-1,Region2
TAGACAATCACCTTAC-1,Region2
TAGACACCGTTGATAC-1,Region3
TAGACAGGAGCCTCAT-1,Region3
TAGACATTCCATACAT-1,Region2
TAGACCACAGATGGTT-1,Region3
TAGACCGTTCATCTAT-1,Region1
TAGACGGACTCAATGG-1,Region3
TAGAGGCAATCATACG-1,Region3
TAGAGTTGGTCTAATT-1,Region3
TAGATGCGCTATTCAG-1,Region3
TAGATGCTCAGACTTA-1,Region1
TAGATGGCTAGACTGC-1,Region1
TAGATGGTCGGAGGCG-1,Region3
TAGATGTCCTACGCCG-1,Region3
TAGCCGCAAGTAATGA-1,Region3
TAGCCGCATCACAGTT-1,Region3
TAGCCGCATTCTACTG-1,Region1
TAGCGTATCTACGGTA-1,Region3
TAGCGTCTACGCCATG-1,Region2
TAGCGTCTGTGATGTC-1,Region1
TAGCGTGCTTACCGGT-1,Region3
TAGCGTTATCATCCGT-1,Region2
TAGCTAAGTCTGCAAC-1,Region1
TAGCTACGACCGACCT-1,Region3
TAGCTACTCACGGTAT-1,Region2
TAGCTACTTAAGTGGT-1,Region3
TAGCTTACAGCGCAGC-1,Region2
TAGGAACCAAGAGCAA-1,Region1
TAGGAAGAATTGGAAG-1,Region3
TAGGAAGACAGTTATT-1,Region1
TAGGAATTAAGTTCGG-1,Region1
TAGGACAAGCAAGAGT-1,Region3
TAGGACAGGTACGCAA-1,Region3
TAGGACCGAGTAAGAT-1,Region3
TAGGAGTTCGACTCGC-1,Region2
TAGGATGCCTTCTAAG-1,Region2
TAGGATGCTGAGGCAT-1,Region3
TAGGATTCTGCTATCC-1,Region3
TAGGCACGAGGTGCCA-1,Region3
TAGGCAGATTCCAAGG-1,Region2
TAGGCTAGACATTACG-1,Region3
TAGGCTAGATACTCAC-1,Region1
TAGGCTCGTCTACACG-1,Region3
TAGGCTGTCTTAAGAA-1,Region3
TAGGCTGTGGCTTCAC-1,Region1
TAGGTCATCCTTCGCA-1,Region3
TAGGTCCGAACGGCGA-1,Region3
TAGGTCTGGATGGCTC-1,Region3
TAGTATAACTCAACGT-1,Region3
TAGTATAGCTGCTTCA-1,Region1
TAGTATCGAGCCGATG-1,Region2
TAGTATTACCGTGGCC-1,Region3
TAGTCTGAGCTCGGAC-1,Region3
TAGTGAATCTCCATCT-1,Region1
TAGTGATAGTTCCTCA-1,Region2
TAGTGCCAATGTGGAT-1,Region3
TAGTGCCAGTATTAGC-1,Region3
TAGTGCGGTCAGACAT-1,Region3
TAGTTCACAGTATGAC-1,Region3
TAGTTCCAGAATCGCT-1,Region2
TAGTTCGATGAGACCG-1,Region2
TAGTTCGTCAAGGCGA-1,Region3
TAGTTGAGCGTACAGT-1,Region3
TATCAACCATGAGGCA-1,Region3
TATCAAGGTAAGTTGA-1,Region1
TATCACCATAGATAAC-1,Region1
TATCACCGAGGCTTAA-1,Region3
TATCACGAAGCAGTCG-1,Region3
TATCACGCGGTGAGGC-1,Region1
TATCAGGAACGGTGTC-1,Region3
TATCAGGTATTAGAAG-1,Region3
TATCATCTTGGAACCA-1,Region2
TATCCGGTGGTAAGTG-1,Region1
TATCCGTGTCAATCCT-1,Region1
TATCCTATTACTATCA-1,Region3
TATCGCGATCGCGGAT-1,Region3
TATCTAACAAGTTCTG-1,Region1
TATCTAACTGCATTAT-1,Region1
TATCTAATCATTCCAA-1,Region3
TATCTACATATGACCT-1,Region1
TATCTACCACTAAGCT-1,Region2
TATCTAGTATACGCGG-1,Region2
TATCTAGTCTGTCCTT-1,Region1
TATGACAACCGATTAA-1,Region1
TATGACGCTCAGACCG-1,Region3
TATGACGGATCTATGT-1,Region1
TATGACTTGCTGTCAA-1,Region2
TATGCAGACTACCACT-1,Region1
TATGCTGTCCGCTAGG-1,Region3
TATGGCCAATTAGAAT-1,Region3
TATGGTGCATACTTGC-1,Region2
TATGTACAATCAACGG-1,Region3
TATGTCCAACCGTCCT-1,Region3
TATGTCGCGTCTAGGC-1,Region3
TATGTTAAGGCTGTTG-1,Region2
TATGTTAGCTGCAGTG-1,Region3
TATGTTGATATTAGGA-1,Region3
TATGTTGGACTCAGCA-1,Region3
TATGTTGGCTGGCTGA-1,Region1
TATTAACAGCCGGCGT-1,Region2
TATTAACGCTGTTCAT-1,Region2
TATTAATACCGACTGT-1,Region1
TATTAATATCCGCATC-1,Region1
TATTACTGCGTCAGTT-1,Region3
TATTAGGTACGGCGAT-1,Region2
TATTCAAGGTAGAATA-1,Region3
TATTCAGAGCCAGGTT-1,Region3
TATTCAGGTCGCTGAA-1,Region3
TATTCCGACTCACTCG-1,Region3
TATTCGACCTAGACAT-1,Region2
TATTCGGAACAATTCA-1,Region3
TATTCGTGGTAACTCC-1,Region1
TATTCTATCTATGTTG-1,Region2
TATTCTCAATCCGGAT-1,Region3
TATTCTCGGTTGGTTC-1,Region1
TATTCTTGCACGTTCC-1,Region2
TATTCTTGCTTCCGGC-1,Region3
TATTGAAGATGTAGTG-1,Region2
TATTGAAGTGAACATA-1,Region3
TATTGAGCCAATGGAC-1,Region2
TATTGGTATCGCCTGC-1,Region1
TATTGTAAGATGGATG-1,Region3
TCAACATCCAAGTCTT-1,Region2
TCAACATCGATTAACA-1,Region2
TCAACCATAGCAGACA-1,Region1
TCAACCTGAGATAACA-1,Region1
TCAACCTGTTGGAGCC-1,Region3
TCAACGGTCTATGATT-1,Region2
TCAAGGAAGAGCACAA-1,Region3
TCAAGGACAGCGGACT-1,Region3
TCAAGGCATGGCTCTG-1,Region3
TCAAGGCCTATTGACA-1,Region3
TCAAGGCGCAACGAAT-1,Region3
TCAAGGCGGAGGCAGC-1,Region3
TCAAGGCGGATTACCG-1,Region3
TCAATAACGGTTACCG-1,Region3
TCAATATCTAGCCATA-1,Region3
TCAATATGGTAATCTT-1,Region3
TCAATCCGGCTGTATG-1,Region1
TCAATTGCAAGACCAA-1,Region2
TCACATACTCCGTGGA-1,Region3
TCACCGAGCAAGGCAG-1,Region3
TCACCGATTAGACGGC-1,Region3
TCACCGCTCAGCCGCT-1,Region2
TCACCGGAATGCACAG-1,Region1
TCACCGGTCCGGAGAA-1,Region1
TCACCGTCTTGTGCAT-1,Region2
TCACGAGCACGGTTGT-1,Region1
TCACGATGTTCCATAC-1,Region1
TCACGCAGGATCGGTA-1,Region3
TCACGCGAGTAGACGT-1,Region3
TCACTAATGATAGGAA-1,Region3
TCACTACAAGGCATAA-1,Region3
TCACTACATACGAGAA-1,Region1
TCACTACGATACTATT-1,Region3
TCACTACGGTCGGTTG-1,Region3
TCACTGCTCGCACTAT-1,Region3
TCACTGTAGCGGTTGT-1,Region1
TCACTGTCGCACGATA-1,Region3
TCACTGTCTTGATTCT-1,Region1
TCAGAACCGCTCTACC-1,Region1
TCAGAACTATACCGAC-1,Region3
TCAGAACTGTAACATA-1,Region3
TCAGACTCTAGGCTGT-1,Region3
TCAGACTGCTCGGATA-1,Region3
TCAGATTACATGACGA-1,Region2
TCAGCGCCTAAGGACT-1,Region1
TCAGCTCACCAGTGCC-1,Region1
TCAGGAATCACGGCGA-1,Region2
TCAGGATATCTAGTTC-1,Region3
TCAGGATATTCGATGA-1,Region2
TCAGTATCAGTCTGTA-1,Region3
TCAGTCCACGGTCTAA-1,Region3
TCAGTCCGCCACTCTT-1,Region3
TCAGTCGATCTTACAT-1,Region2
TCAGTCGCGACCTGAG-1,Region3
TCAGTCGCGAGTTCCT-1,Region3
TCAGTTAGGCCGTCCG-1,Region3
TCAGTTAGTGGTAATC-1,Region3
TCAGTTAGTTAACCGC-1,Region3
TCAGTTGTGCTCGGAC-1,Region3
TCATAATCCATTGAAT-1,Region2
TCATAGATAGCAATTG-1,Region1
TCATAGCTCGCAGACG-1,Region3
TCATCCGGTTCTGAGG-1,Region2
TCATCCGTACATACGG-1,Region3
TCATCCTTGGTAACAT-1,Region3
TCATCTACAGCCTTGA-1,Region3
TCATCTATAAGCCAGT-1,Region3
TCATCTATAAGTGCAG-1,Region3
TCATCTATCCTGCGGT-1,Region3
TCATCTCACCGACTCA-1,Region3
TCATCTCACCTGCCAG-1,Region1
TCATCTGATCCTGGCG-1,Region3
TCATCTGCTCCGATGG-1,Region3
TCATGACACCGCACTC-1,Region3
TCATGAGGTGCGGTCC-1,Region2
TCATGCGTTGAGCGAC-1,Region1
TCATGTCGGCGATCCG-1,Region2
TCATTAATCAACTTCT-1,Region1
TCATTCACTACGCCGT-1,Region2
TCATTCAGACTCCTAT-1,Region1
TCATTGCCTCGAGGTA-1,Region3
TCATTGTTAGCCGTCT-1,Region1
TCCAACATCGCTATTA-1,Region3
TCCAACATGAAGTGAT-1,Region1
TCCAACTTATAACTGT-1,Region2
TCCAACTTGTATTCAC-1,Region1
TCCAAGAATAGATTGT-1,Region3
TCCAAGACCGGTACGG-1,Region3
TCCAATCCTCATGGTG-1,Region3
TCCACGACCTGTAGCC-1,Region1
TCCACGATTCCTACAA-1,Region3
TCCACGGCTTCGAGTC-1,Region1
TCCAGTAACACGCATA-1,Region2
TCCAGTACGACATTAT-1,Region3
TCCAGTGCAACGCACC-1,Region3
TCCAGTTGTCCAGAAT-1,Region3
TCCGAACACGTGTACG-1,Region3
TCCGAACCGTCCTAAG-1,Region1
TCCGAAGTCCTGGCAG-1,Region3
TCCGAGACGTGCGTGG-1,Region3
TCCGCCAAGCCACCGG-1,Region3
TCCGCCAATCGGCTGA-1,Region3
TCCGCCGGCTTCGTAG-1,Region2
TCCGCCTGAAGTGCTG-1,Region1
TCCGCCTTCGTTCGAA-1,Region2
TCCGGCACTTCTAGCG-1,Region3
TCCGGCCAAGTAACTC-1,Region1
TCCGTACCACTCTTAT-1,Region2
TCCGTAGGAGTATGCT-1,Region2
TCCGTATGCAGCCTCG-1,Region2
TCCGTCAAGTACAAGA-1,Region3
TCCGTCACAGTGAGTG-1,Region2
TCCGTCATACGGAGCA-1,Region3
TCCGTCATAGCCTCCG-1,Region1
TCCGTGATTAGACAAT-1,Region2
TCCGTGTCCATGACGC-1,Region1
TCCGTGTCGATAGCAA-1,Region3
TCCGTGTTCTAATGAT-1,Region2
TCCTACCGGATACATC-1,Region1
TCCTCACGACATCCTG-1,Region1
TCCTGAACATTGTTAC-1,Region3
TCCTGAAGCGCACCGA-1,Region3
TCCTGAGTGCCATACT-1,Region3
TCCTGGAGCAAGCCGC-1,Region3
TCCTGGATCTGTAAGT-1,Region3
TCCTGGATGCTCACAA-1,Region3
TCGAATGCGTGCCTCA-1,Region3
TCGACGGCACAGCCTT-1,Region3
TCGACTGCGTCTGCTA-1,Region1
TCGACTGGCGAGGAAC-1,Region3
TCGACTTAGTTGGCCA-1,Region1
TCGAGTACATGTGCAC-1,Region3
TCGAGTACGCGTGACT-1,Region3
TCGAGTATACGTCTTG-1,Region3
TCGATAGGCGTGTACG-1,Region1
TCGATCCGGCAAGAGG-1,Region3
TCGATGTACCGGTAGG-1,Region3
TCGCAACACCATCGTA-1,Region1
TCGCAACAGGCCACTG-1,Region3
TCGCACAGCAGACGTC-1,Region1
TCGCACGATGAACGTT-1,Region3
TCGCACTCCATTCCGG-1,Region2
TCGCACTGCATTATCT-1,Region3
TCGCCATATTCATTGG-1,Region3
TCGCCGACATTAGTTG-1,Region3
TCGCCGACTCCAGCGG-1,Region1
TCGCCGCTAGAATAGA-1,Region3
TCGCCGCTGGAAGCTC-1,Region1
TCGCCGCTTAGTATCT-1,Region2
TCGCCTGCCTAGCTCC-1,Region1
TCGCCTTGGAATGAAG-1,Region3
TCGCGACGGTATACTG-1,Region1
TCGCGACGTGTCGCAC-1,Region2
TCGCGGAGTAAGTGAG-1,Region2
TCGCGGAGTCCGCACT-1,Region3
TCGCGGAGTTGCTTGC-1,Region1
TCGCGGATTCGCGGCT-1,Region3
TCGCGGCCGACGAGTC-1,Region3
TCGCGGTAGATGGAAG-1,Region3
TCGCTTGTACCGCTCC-1,Region2
TCGCTTGTCGGCTGCA-1,Region2
TCGGAACGAGATGACT-1,Region3
TCGGACCAAGGCCAAG-1,Region3
TCGGACCACGCAGGTG-1,Region3
TCGGACCACTGTCGGT-1,Region3
TCGGACGATCATAAGT-1,Region2
TCGGACGCGAATCTGT-1,Region1
TCGGACGGCAGTCCAG-1,Region3
TCGGACTCGCCGAGCT-1,Region1
TCGGACTCTTATCTTC-1,Region3
TCGGAGCGTGGTTACA-1,Region3
TCGGAGTGCTCCGGAT-1,Region2
TCGGCGACGGCCATGG-1,Region3
TCGGCGATGTTACCGT-1,Region2
TCGGCGGTCAATCAGG-1,Region3
TCGGTAAGCGATGGAA-1,Region2
TCGGTACCGGCTGGCT-1,Region1
TCGGTGGACGGTAGTG-1,Region3
TCGGTGTCAATACAGC-1,Region3
TCGGTGTCCTGGTCCT-1,Region3
TCGTAACCTTCAAGCT-1,Region1
TCGTAAGGATGGCAAT-1,Region3
TCGTATACGGAGACTC-1,Region2
TCGTATAGAATCTGCG-1,Region3
TCGTATCAGACGGCGA-1,Region3
TCGTATGCACTCGACG-1,Region2
TCGTATTCGAGGTAAC-1,Region3
TCGTCACGGTTACTCG-1,Region3
TCGTCAGTCGTATCTT-1,Region3
TCGTGCCTTCGTCAGA-1,Region3
TCGTGCGTCCGTTGCC-1,Region2
TCGTGGCGCAATGTAG-1,Region1
TCGTTAGCGAAGGAAC-1,Region3
TCGTTGAGGCTCTGGT-1,Region3
TCGTTGTATCACGACC-1,Region3
TCTAACAGGTACGACT-1,Region3
TCTAACATACCTGATA-1,Region3
TCTAACCGACTAGACA-1,Region3
TCTACATGAATTCATA-1,Region2
TCTACATGGTCGAGGA-1,Region2
TCTACATTCTTGCCGA-1,Region3
TCTACATTGCAAGTCG-1,Region2
TCTACGAACATATCCA-1,Region3
TCTACTAGGTCGGCGT-1,Region3
TCTACTCCGGAGTGAA-1,Region3
TCTACTGGCGCTGCCT-1,Region3
TCTACTGTATGACCTG-1,Region2
TCTACTGTGGCCGTCA-1,Region3
TCTAGAACGCCACCAG-1,Region3
TCTAGACAACCTACTG-1,Region3
TCTAGACGAACGTGGA-1,Region3
TCTAGCGAGCTGATGT-1,Region3
TCTAGCGAGTGCTACT-1,Region1
TCTATGCCATAGACCT-1,Region3
TCTATTCGGCTTCGCA-1,Region3
TCTGATCCAATTGTGA-1,Region1
TCTGATGCTGGTGAAC-1,Region3
TCTGCAATCTTCGTAA-1,Region3
TCTGCCAAGGAACGCA-1,Region3
TCTGCGGCGTGGTATT-1,Region1
TCTGGTAGTGATAGGA-1,Region3
TCTGTACGTGCACTCC-1,Region3
TCTTACCAGGTCTGTA-1,Region3
TCTTACGGCATATCGC-1,Region2
TCTTACTCCATAACCT-1,Region3
TCTTACTTACCTCCTG-1,Region2
TCTTAGAATACTGCCA-1,Region1
TCTTAGACGAACGGAA-1,Region1
TCTTCGGTTGACTTAA-1,Region1
TCTTGCCAACTCAACA-1,Region1
TCTTGCCGCATGTCAT-1,Region3
TGAACAAGCGGCCGGT-1,Region2
TGAACGATGTTGAGGA-1,Region2
TGAACGTTAACTGATT-1,Region2
TGAAGAACAGGTATCA-1,Region3
TGAAGAACGCTCCTGG-1,Region3
TGAATATGGTCCAATA-1,Region3
TGAATGACGCTTGATC-1,Region1
TGAATGCCATTATCTT-1,Region3
TGAATGGCGTGCCGCA-1,Region3
TGAATGTTCGATAGGT-1,Region3
TGAATTCAGGTTCGAA-1,Region3
TGACAGCTTCGATGTA-1,Region2
TGACAGCTTGTCGACA-1,Region3
TGACCAAGAAGTGGCT-1,Region3
TGACCAATAGAACAGC-1,Region3
TGACCATCCGGCGTCC-1,Region1
TGACCATTGCTCGATA-1,Region1
TGACCTCCGGATAACC-1,Region3
TGACCTGAAGTAGATT-1,Region3
TGAGAATTACGTGCCG-1,Region1
TGAGACGTTACGCCGA-1,Region3
TGAGCAGACCTCGTCA-1,Region1
TGAGCAGACTGTCGCT-1,Region1
TGAGCAGATGGCTATG-1,Region3
TGAGCCTACGCCGAAT-1,Region2
TGAGCTCAGACCAGTG-1,Region3
TGAGGAATTATCCTTA-1,Region1
TGAGGCATTATCTACC-1,Region3
TGAGGTACAGTCAGTC-1,Region1
TGAGGTACGCGATCAA-1,Region1
TGAGGTACGCTCGAAG-1,Region3
TGAGGTAGCACGTGGT-1,Region2
TGAGGTAGGCGGTTCC-1,Region1
TGAGGTGAGTCGCTTA-1,Region3
TGAGGTGCCATACTGG-1,Region1
TGAGGTTAGTATTCAC-1,Region1
TGAGTATGTACCGAAT-1,Region3
TGAGTGGCCTGGAGGT-1,Region1
TGAGTTAAGATCACGA-1,Region1
TGAGTTCCATTGAGTA-1,Region3
TGAGTTGACAGAATCT-1,Region3
TGATAGCCTCCGTCAA-1,Region3
TGATAGCGAAGCATAA-1,Region3
TGATCGAGATAGCGAT-1,Region3
TGATCTGTCGGATAGA-1,Region3
TGATGCTGGTCGCAGA-1,Region2
TGATGGAAGGCTCGTT-1,Region2
TGATGGAGTCTTGGTT-1,Region2
TGATGGCCGTAGGTAA-1,Region3
TGATGGTGGAGTAATA-1,Region3
TGATTCCGCCAAGGCG-1,Region2
TGATTCCGTACAAGAC-1,Region3
TGATTCGTAGCCGAGC-1,Region3
TGCACGCTTCGGACAG-1,Region3
TGCACGGCAGTCTTAC-1,Region3
TGCACGGTATCGTCGA-1,Region3
TGCACGGTTGGACTCC-1,Region3
TGCACGTAATCATTCT-1,Region1
TGCACGTATTGGTACG-1,Region2
TGCACGTCTGAACAGT-1,Region3
TGCACGTGCCACGCCT-1,Region1
TGCAGAACCAGCTCGG-1,Region3
TGCAGAATACTGCAGG-1,Region3
TGCAGAATTAACTAAG-1,Region1
TGCAGACACTCAACAT-1,Region1
TGCAGACGGTTAAGGT-1,Region1
TGCAGATTATAAGAAT-1,Region3
TGCAGCAATTAATCCT-1,Region3
TGCAGTCGTGTTGCCT-1,Region3
TGCATTCTTGGTCGTA-1,Region3
TGCCACAAGTTCACTT-1,Region2
TGCCACCGAGGTGCTA-1,Region1
TGCCACGGAGTAAGCC-1,Region3
TGCCACTTGGATCCAT-1,Region3
TGCCAGGAAGGTCTTA-1,Region2
TGCCGACATAATTAAC-1,Region3
TGCCGCATAATGTCAC-1,Region3
TGCCTACATGAACGAA-1,Region3
TGCCTACGAGTCAGAA-1,Region3
TGCCTACTGACTGCGT-1,Region3
TGCCTAGGCGTTCGTA-1,Region2
TGCCTATCGTGGAGGC-1,Region1
TGCCTATGAAGAATAG-1,Region3
TGCGAACAGGAGTGGT-1,Region2
TGCGAACATATGCTTC-1,Region3
TGCGATGTACTTCAGT-1,Region1
TGCGATTACATTGTCT-1,Region3
TGCGATTACTATGGAG-1,Region3
TGCGATTCATGCAACG-1,Region3
TGCGATTCCGCCTGAT-1,Region3
TGCGCAACATAGACTC-1,Region1
TGCGCCATCTCGTACA-1,Region3
TGCGCCTGAGGACAAG-1,Region1
TGCGCTACTCCACTGA-1,Region2
TGCGCTCAACGCCGTC-1,Region3
TGCGCTCACGGACCAT-1,Region3
TGCGGACACCTAGCTG-1,Region3
TGCGGACCATCGCTAA-1,Region3
TGCGGAGCCTCCAGAC-1,Region3
TGCGGAGGACTCAACG-1,Region1
TGCGGATCTAGGAGAA-1,Region1
TGCGGCACTCAGTTAG-1,Region3
TGCGGCTACTGGATAG-1,Region3
TGCGTCTGGAGCCAGA-1,Region3
TGCTACATGCACATGT-1,Region2
TGCTACGCCTGCTTAA-1,Region1
TGCTACTTACAGCGGA-1,Region2
TGCTATAATCACCGCT-1,Region1
TGCTATACGACCATCC-1,Region2
TGCTATACTCCGAGTT-1,Region3
TGCTATCCTTCACGCA-1,Region1
TGCTATCGAATCCGGA-1,Region3
TGCTATTACACTAAGC-1,Region3
TGCTGTAACGCTTCTA-1,Region2
TGCTGTATCATATTAA-1,Region2
TGCTGTCAGGTCCTGT-1,Region1
TGCTGTCATAGTAACC-1,Region3
TGCTGTCTAGTATCGG-1,Region2
TGCTGTTCGCGATTCT-1,Region2
TGCTTACGAACTTGGT-1,Region3
TGCTTACTTATCTGCG-1,Region3
TGCTTAGTCTTAAGCT-1,Region3
TGCTTCCAGGAGGCAA-1,Region3
TGCTTCTGAACGAGAT-1,Region2
TGGAAGACGGCTATGT-1,Region3
TGGAAGCAAGCGCAAG-1,Region2
TGGAAGGATTGATCGT-1,Region1
TGGAAGGTAGTTGGCT-1,Region1
TGGAAGGTCACCGCGG-1,Region1
TGGAAGGTGATCATGA-1,Region3
TGGAAGTGATAGGTTA-1,Region2
TGGAAGTGGCGGTGCT-1,Region2
TGGAAGTGTAATAGAA-1,Region1
TGGAAGTTGTATAATT-1,Region3
TGGACAGCTCGGCCGT-1,Region3
TGGACTCCTGACAGTA-1,Region2
TGGACTGGTGGCGATA-1,Region3
TGGAGGAACGTGCGTA-1,Region1
TGGAGTAATTAGTTAA-1,Region3
TGGAGTCCGAAGCACC-1,Region2
TGGAGTCCTCAAGACT-1,Region3
TGGAGTCTAGCGGTGC-1,Region3
TGGAGTGCTCACAAGG-1,Region3
TGGAGTTGCGACAGTG-1,Region2
TGGATCACGCAGGTAT-1,Region1
TGGATCATGCGGATGA-1,Region3
TGGCAACTTGGAGCGT-1,Region1
TGGCATAATTGTAGCG-1,Region3
TGGCATGTAGTGCACT-1,Region2
TGGCATGTGGACTGAG-1,Region1
TGGCCATTCGACCAAT-1,Region3
TGGCGATAGTACCGTG-1,Region3
TGGCTCTAAGCGACGG-1,Region2
TGGCTCTTGATAACTC-1,Region3
TGGCTGGCAATACGAT-1,Region2
TGGTACCGTTAAGCCG-1,Region3
TGGTACCGTTGACAAC-1,Region2
TGGTACTCGCCTTGCC-1,Region3
TGGTACTTGTACGTGA-1,Region3
TGGTAGCAGGTGTTCT-1,Region1
TGGTAGTTATAGTGTT-1,Region1
TGGTATAGATCTAGCC-1,Region1
TGGTCGAGGATCCTCG-1,Region2
TGGTCGCCAAGTTAGG-1,Region1
TGGTGCCGAACAGTCA-1,Region2
TGGTGCCTCGATGACG-1,Region1
TGGTGCGACTATACCG-1,Region1
TGGTGCGAGGCGTAGC-1,Region2
TGGTGCGGTTGTCTCA-1,Region3
TGGTTGGAACAGCTTA-1,Region1
TGGTTGGATATGAGAA-1,Region3
TGGTTGGCCTAGTGGA-1,Region3
TGGTTGGCGGAGTACG-1,Region3
TGGTTGGTTCGCGGCC-1,Region3
TGGTTGGTTCGTTAGG-1,Region1
TGTAATACTGCGTGCC-1,Region3
TGTACCAAGTTGGTAA-1,Region2
TGTACCACATGGCGTG-1,Region2
TGTACCGTGAATTGCG-1,Region3
TGTACCTACGGCGTTA-1,Region1
TGTACCTGGACCGGAA-1,Region3
TGTACTCGGATACTCA-1,Region3
TGTAGCTCGGTACAGA-1,Region1
TGTAGGAGGCTAGCAG-1,Region3
TGTAGGAGGTGCCTTC-1,Region1
TGTAGGAGTGTACCGA-1,Region3
TGTAGTAACTTAATCG-1,Region3
TGTAGTGGTTGTTCTG-1,Region3
TGTATCCGGATAACTG-1,Region3
TGTATCGTGGTAGCAT-1,Region1
TGTATCTATTCCGCAG-1,Region1
TGTATGACCTTACGTA-1,Region3
TGTATGCCTCCAATAA-1,Region3
TGTATGCTTCACGATA-1,Region2
TGTATGGTAATACTAG-1,Region3
TGTATGGTCCGTTGTA-1,Region1
TGTCACAATGCACGTA-1,Region3
TGTCACAGCCACGATC-1,Region3
TGTCACCACGGCGATG-1,Region3
TGTCACGTGAAGGTCT-1,Region3
TGTCACTACAGACGCC-1,Region3
TGTCACTCATAAGGAA-1,Region1
TGTCAGACATGCGAAG-1,Region3
TGTCAGATGAGTGGCG-1,Region3
TGTCAGCGCTCGACAT-1,Region3
TGTCAGTCACAATCGG-1,Region2
TGTCAGTGATCGTGCG-1,Region3
TGTCAGTGTACCTTAG-1,Region3
TGTCATCCACAGCAGT-1,Region3
TGTCCACGGATGGTGA-1,Region3
TGTCCTAGCAATTGTA-1,Region3
TGTCCTGGCCTATGTT-1,Region3
TGTCCTTCCTCGTACA-1,Region2
TGTCGATCGATCGATT-1,Region3
TGTCGCACCGTTGTGG-1,Region3
TGTCTGCGAGTTCATT-1,Region3
TGTCTTCAGAAGTGCC-1,Region3
TGTCTTGGCAGTTAGA-1,Region1
TGTTACCGAGCAATGA-1,Region2
TGTTATGTACGCATAC-1,Region1
TGTTCACTCCTTGACT-1,Region1
TGTTCAGAATCCTAAT-1,Region3
TGTTCCAATCTAATTG-1,Region2
TGTTCGAGGCCAAGGA-1,Region3
TGTTCGCTTCTAATCC-1,Region1
TGTTGCCAGTCGCCTG-1,Region3
TGTTGGTGATTAGGTA-1,Region3
TGTTGGTGCGGAATCA-1,Region3
TGTTGGTGGACTCAGG-1,Region3
