Barcode,EdgeEffect
AACAATCCGAGTGGAC-1,Others
AACACCATTCGCATAC-1,Others
AACACCGAATGTCTCA-1,Others
AACACGACAATTGTTC-1,Others
AACACGCAGATAACAA-1,Others
AACACGTTGATACCGC-1,Others
AACAGACCGCGATCTG-1,Others
AACAGGATACTCTTAG-1,Others
AACAGGCCATTGTCAC-1,Edge
AACATAGGTCCATAGC-1,Others
AACATAGGTTCCGCAC-1,Others
AACATAGGTTGGCACC-1,Others
AACATCAAGGCTGGCT-1,Others
AACATGACGCCTGGAC-1,Edge
AACCAAGACCAACTGA-1,Others
AACCAATCAGTTCCTC-1,Others
AACCAATCCGATCGCT-1,Others
AACCATAGATTCTGGC-1,Others
AACCGAAGTAGCCTGC-1,Others
AACCGTACTTCAAGGT-1,Others
AACCTACAAGTTAAGA-1,Others
AACCTGCAGGTAGACA-1,Others
AACCTGTCCTGCGAGC-1,Others
AACCTGTCTACCTATC-1,Edge
AACCTTCTGTGCTGAA-1,Others
AACGAACAAGGCCGAG-1,Edge
AACGACCAGCCGGCGA-1,Edge
AACGCACGTAACATGC-1,Others
AACGCTCAGGAGTCAG-1,Others
AACGGCAATTGTGGTC-1,Others
AACGGCCGTACTTCCT-1,Others
AACGGCGACGTCCACC-1,Edge
AACGTAAGACGGTTAG-1,Others
AACGTTAGTCACAACT-1,Others
AACTAGGCACAGGCTG-1,Others
AACTATAACAATAACC-1,Others
AACTATTCAGGATGTT-1,Edge
AACTATTGCTGTCCTC-1,Others
AACTCAACTAATAGGT-1,Others
AACTCATGATCCAACG-1,Others
AACTCGCTTAGCTGCC-1,Others
AACTGAAGTGGATGGT-1,Others
AACTGCCGCTACATCT-1,Others
AACTGCCTTAGTCAGC-1,Others
AACTGCGTCTATCTTG-1,Others
AACTGGATTCCAAGGC-1,Others
AACTTGCAACAGCTGC-1,Others
AAGAATAAGTCGTTCA-1,Others
AAGAATGTAGGTATTG-1,Others
AAGACATCTAAGTATC-1,Others
AAGAGCACCTAAGTCT-1,Others
AAGAGCTAAGCAGTCT-1,Others
AAGATGACTCCGGTGA-1,Others
AAGATGTTAGTGCTTA-1,Others
AAGATTATACGAATGC-1,Others
AAGATTATAGTGCCGT-1,Others
AAGATTATGCAGCGCC-1,Others
AAGATTATGTCTAAGT-1,Others
AAGCACTCGTTCGCCA-1,Others
AAGCAGACGTCGAGTA-1,Others
AAGCAGATCATAATGT-1,Others
AAGCAGTACAATACGT-1,Others
AAGCCACTCAGGCAGA-1,Edge
AAGCGACGCTCACGCA-1,Others
AAGCGAGCTATCACGG-1,Edge
AAGGACAAGAGTCTCA-1,Others
AAGGACCAGATAACTG-1,Others
AAGGACCGTGAGCCTC-1,Others
AAGGCCGAGGCGGTAG-1,Others
AAGGCCTCACTGGTTA-1,Others
AAGGCGATAGATTCGC-1,Others
AAGGCGCTACCGTTGT-1,Others
AAGGCGGAGCTCATAG-1,Others
AAGGCGTGAGCGAGTG-1,Edge
AAGGTTACTTGTGGAA-1,Edge
AAGGTTATAAGTACAA-1,Others
AAGGTTATTGACATTC-1,Others
AAGGTTCACCGGCTCA-1,Edge
AAGTCCTCCGACGGTA-1,Edge
AAGTCGCACGCCTTCG-1,Edge
AAGTCGCTCGAACGGC-1,Edge
AAGTCGGTCGGTCCAT-1,Edge
AAGTGGCTAATAGATA-1,Others
AATAACATCCATGTGG-1,Others
AATAACGCACGTGCGT-1,Others
AATAACTCACCTGTCG-1,Edge
AATACGATTGCGAGGA-1,Others
AATACTAATAGAGCGG-1,Others
AATACTCAACAGGAGC-1,Edge
AATAGCGAGTAGATAC-1,Others
AATAGTACCGCTTGCG-1,Others
AATAGTGCCAACGGTC-1,Others
AATATCATGGCTTCAT-1,Others
AATCAAGGAATGGTCG-1,Others
AATCGCTACGGCATAG-1,Others
AATCTAAGTGAAGAGT-1,Others
AATCTAATAGTGGTAT-1,Edge
AATCTGAATTAGTTCC-1,Others
AATCTGCCAGTAATTG-1,Others
AATCTTCCGGCAACTT-1,Others
AATGAGACGATGGTTG-1,Edge
AATGAGGCCACGGAGC-1,Others
AATGATTGGAGTGGCC-1,Others
AATGCTACGTCGGCAT-1,Others
AATGGAAGGCAAGTAC-1,Others
AATGGAGGACCGACCA-1,Others
AATGGTATGGCTAGAC-1,Others
AATGGTATGTGGCTTC-1,Others
AATGGTATTGCTTATT-1,Others
AATGGTCGGCAGTCCA-1,Others
AATGGTGCACAGACAG-1,Others
AATGGTTAGACTGTAA-1,Others
AATGGTTGAGGACTCA-1,Others
AATTCAGTATGCATGC-1,Others
AATTCCAGTCTAGACG-1,Others
AATTCTATCTAGTACC-1,Others
AATTCTCACTGGTGAC-1,Edge
AATTCTCCAGCCTCGC-1,Others
AATTGGCCTTATTCGG-1,Others
ACAACGAGGCCTAATG-1,Others
ACAACTCCTTAGTGCC-1,Others
ACAAGCGTCACTCATG-1,Edge
ACAAGTTCCTTATCGC-1,Others
ACAATATCGCAGTTAA-1,Others
ACAATATTCCAATTGT-1,Edge
ACAATATTGTCCTCGT-1,Others
ACAATTGGCTATGAGG-1,Others
ACAGAAGTCTGTAAGG-1,Edge
ACAGAAGTTCCGTGAT-1,Others
ACAGATACTAATGGAC-1,Others
ACAGCCGTGCGACATA-1,Others
ACAGCGAGCTCATCAC-1,Others
ACAGGAACCTTACGTC-1,Others
ACAGGACTCGTCGGAG-1,Edge
ACAGGAGTCTGGTCAT-1,Edge
ACAGGATACGCTAACG-1,Others
ACAGGCACAGTTATTG-1,Others
ACAGGTACTATCTTAA-1,Others
ACAGGTATACCAACTA-1,Others
ACAGGTATCAGCCTAG-1,Others
ACAGGTCAGCGTGAGT-1,Others
ACAGGTCTCGTGCCGT-1,Others
ACAGGTGGAACGCCGT-1,Edge
ACAGTACCGGAACCGA-1,Others
ACATAAGAACGTAGAA-1,Others
ACATAAGTATAGTGAC-1,Others
ACATAGATTAGACCGA-1,Others
ACATCGAACATTCCAA-1,Others
ACATCGACATTACACC-1,Others
ACATCGAGAACCTAGA-1,Edge
ACATCGTCAGCTGTTA-1,Others
ACATCTCGCTTGCATA-1,Others
ACATCTGGCGGTCCGA-1,Others
ACATTGCGTGGACTGG-1,Others
ACCAACAGGAGCTACG-1,Others
ACCAAGATCTCAACGC-1,Others
ACCAAGGCCAGGAGGC-1,Others
ACCAAGGCGAATGGTG-1,Others
ACCAAGTGCTACCGAA-1,Edge
ACCAAGTTAGCTAGTA-1,Edge
ACCAATAATCACTATG-1,Others
ACCACGTGCCTCCGCC-1,Others
ACCAGAGTTCCTACAG-1,Others
ACCAGCGGCTTAAGGC-1,Others
ACCATCGGTCACGGCA-1,Others
ACCATTAGGCCTACAT-1,Others
ACCGAGATCGTGACCA-1,Others
ACCGATGTCCTATCAT-1,Others
ACCGGAAGGACGATGG-1,Edge
ACCGGACGTTGGTCGT-1,Edge
ACCGGATATTAGTTGG-1,Others
ACCGGTATCGGACGCC-1,Others
ACCGTAATTCAGATTA-1,Others
ACCGTAGGTGCTTGTA-1,Others
ACCGTGTTAGTACAGG-1,Others
ACCGTTATGTGGACCA-1,Others
ACCGTTGTGACGTGCC-1,Others
ACCTATGTTAGCAGGC-1,Others
ACCTCCAGTTATGCGT-1,Others
ACCTGCACTAACGTTA-1,Others
ACCTGCAGGCGATTCA-1,Others
ACCTGCATTCGAACGT-1,Others
ACCTGGCGCAATAGGC-1,Others
ACCTGGTCTGCGCTGG-1,Others
ACCTGTAATTGTACCT-1,Others
ACCTGTCTCATTCTAC-1,Others
ACCTGTGCAGCTAACC-1,Others
ACCTTCGTTAAGCTAC-1,Others
ACGAACGTCGACGCCG-1,Edge
ACGAAGATTAATCGGT-1,Others
ACGAAGCCTTCAGGCG-1,Others
ACGAAGCTACGAGTCG-1,Others
ACGAAGTAGGCATTAT-1,Others
ACGAAGTTGATTCCTA-1,Others
ACGACTCGCTACCTCA-1,Others
ACGAGCGTATACTTAG-1,Others
ACGAGGCATCTTGGCG-1,Others
ACGAGGCTCGAAGTAG-1,Others
ACGAGTGCTGGTTCGA-1,Others
ACGAGTTACATACTCG-1,Others
ACGATGTTGAGTATTC-1,Others
ACGATTCCAGGCCTCC-1,Others
ACGCAAGCTACGAACC-1,Others
ACGCAATATTGACCTT-1,Others
ACGCCATGACTCAGTG-1,Others
ACGCCGGATACCTTAC-1,Others
ACGCGGCCTGGTGACG-1,Others
ACGCGTTCTGAGATGC-1,Others
ACGCTCACATGCAGCC-1,Others
ACGCTCGGAACTCCTG-1,Others
ACGGCAACAGCAAGTT-1,Others
ACGGCAGATGCACGTA-1,Others
ACGGCGAGGATGCAAT-1,Others
ACGGCTCGCCTTGCTA-1,Others
ACGGCTGGTATGATGT-1,Others
ACGGCTTCCTCGGAGG-1,Others
ACGGTGATACAACCGC-1,Others
ACGTATACTAGGCAAT-1,Others
ACGTATCCGTACAATG-1,Others
ACGTCCGGAACATATT-1,Others
ACGTGCTCACAATACA-1,Others
ACGTTAATCATACTCA-1,Others
ACGTTAATCCACTCCA-1,Others
ACGTTAATGAGTGCCA-1,Others
ACGTTAGGTTGGCGCT-1,Others
ACGTTCAGGATCTACA-1,Others
ACGTTCCACCGATTCG-1,Others
ACGTTCTTATTGCACT-1,Edge
ACTAATCGAGCAACTG-1,Others
ACTAATTAGTGACAGG-1,Others
ACTACCTCAGGAAGCC-1,Others
ACTAGGAGACGGATCG-1,Edge
ACTCAACCTCATTGCA-1,Others
ACTCACGCGTACTTGA-1,Others
ACTCCTAAGTCTCCTG-1,Others
ACTCCTACGATCGCCT-1,Edge
ACTCCTGCGAATCGAT-1,Others
ACTCGAACCTATAGAC-1,Others
ACTCGAATGCAGTACC-1,Edge
ACTCGAGTAGTCACTC-1,Edge
ACTCGCGAAGGAGCTG-1,Others
ACTCGGTCTAATGCAA-1,Others
ACTCGTCCACGCGAAG-1,Others
ACTCGTCCTCGTTGAC-1,Others
ACTCGTTGGCTTGACG-1,Others
ACTGAAGAACTTCATG-1,Others
ACTGACTCGTAATACT-1,Edge
ACTGCAACGGTCGTGC-1,Others
ACTGGACCAAGTCGCA-1,Edge
ACTGGTAGTCTTATTC-1,Others
ACTGGTCTCCTTCTCG-1,Edge
ACTGGTGAGGACCTAT-1,Others
ACTGTAATAGTGTCAG-1,Others
ACTGTAATTACCTTGT-1,Others
ACTGTAGGTACGAGGT-1,Others
ACTGTATCAATCGACC-1,Edge
ACTGTATGGTGCAATG-1,Others
ACTTACAATTCCTCAT-1,Others
ACTTACGCTAGCGACA-1,Others
ACTTCAAGTCCTTATT-1,Edge
ACTTGACAATAGAACC-1,Others
ACTTGGACCGTCGATC-1,Others
ACTTGTAACAGATTGC-1,Edge
ACTTGTCCATTGTTCG-1,Edge
ACTTGTCGTGTCTGGC-1,Edge
AGAACCAGCATAATAG-1,Others
AGAACCTTCATCTAGA-1,Others
AGAAGCAAGAACGTGG-1,Others
AGAAGGCACTTGCATA-1,Others
AGAAGGCATTCCTCCG-1,Others
AGAAGGTAATAGATGT-1,Edge
AGAATAACTTAGCCTG-1,Others
AGACAACGACAATGTC-1,Edge
AGACCGAGAATCCTTG-1,Others
AGACCGCAAGGAGCGT-1,Others
AGACCGGATGTCAACG-1,Others
AGACCGTATCCATAAC-1,Others
AGACCTTGTTCACGGA-1,Edge
AGACGGAACAATGAGG-1,Others
AGACTCCAGAGGCCGG-1,Others
AGACTCCGTGATCGGA-1,Others
AGACTCCGTGCTGTCG-1,Others
AGACTCCTATCCTATC-1,Edge
AGACTCTACGTCTTGC-1,Others
AGACTCTGATGCTAGA-1,Others
AGACTTCCTAGTAATG-1,Others
AGACTTCTCGTTAGCT-1,Edge
AGATACGCCATATGAT-1,Others
AGATAGATAACGATAC-1,Others
AGATCAGCCAGGACCA-1,Others
AGATCGGACAATTCTA-1,Edge
AGATCGGATTGGTTCG-1,Others
AGATGAACAGTATTGC-1,Edge
AGATGGCGTAACCAGA-1,Others
AGATGTACCGATTGGT-1,Edge
AGATGTGACCTGCTAA-1,Others
AGATGTGATGGTAGTC-1,Others
AGATTAGCTCGGCCAT-1,Others
AGATTCTTCATACATC-1,Others
AGATTGGCATTCACGC-1,Others
AGCAACGGACGTTGCA-1,Edge
AGCAACGTTCGCTACC-1,Others
AGCACTTCCTGAGGAC-1,Others
AGCAGGAGTGACCAGT-1,Edge
AGCAGGCCGTCAGTAC-1,Others
AGCCAGGACTTACGAC-1,Others
AGCCAGTCACTCTGCC-1,Edge
AGCCAGTCGATGCTAG-1,Others
AGCCAGTTCTGCCGGC-1,Others
AGCCATACGCACTAGC-1,Others
AGCCATACGGATGCGT-1,Others
AGCCGCTCAAGTCTTG-1,Others
AGCCGTAATGTAGATT-1,Others
AGCCGTACTCGGTGTC-1,Others
AGCCTCCGCACCATGG-1,Edge
AGCCTCGTCCTATGTC-1,Others
AGCGAACGTCTGAAGT-1,Others
AGCGACAGAATGAGCC-1,Others
AGCGACGGTACCTCAC-1,Others
AGCGACTACATCCTAT-1,Others
AGCGAGTTACGTACCT-1,Others
AGCGGAATTCAGTACA-1,Edge
AGCGGAGTGGCCGTCC-1,Edge
AGCGGTGGAGTTGGCC-1,Others
AGCGGTTCGCTCGGCA-1,Others
AGCGTGCGACCTAGAC-1,Others
AGCGTGCGTAACGCCT-1,Others
AGCTAGTTCGTTCCAA-1,Others
AGCTATGCGGAACATA-1,Edge
AGCTCAGAATCAAGTC-1,Others
AGCTCAGAGTCGGACA-1,Edge
AGCTCAGATACAATGA-1,Others
AGCTCAGCAACATCAC-1,Others
AGCTGCCGAACGTCTA-1,Others
AGCTGTGCAGTGACAT-1,Others
AGCTGTGCGACAGACG-1,Others
AGGAATCCTACCAGCA-1,Edge
AGGACCGCGGTGGCGA-1,Others
AGGACCGTGGACAGTG-1,Others
AGGACGAATTCGATGT-1,Others
AGGACGCACGTTAACT-1,Edge
AGGAGCTAACTTCACG-1,Edge
AGGAGCTGGTGCGATT-1,Others
AGGATAATGCTCTAAG-1,Edge
AGGATACCTATTGGAA-1,Others
AGGATCAAGATAAGAA-1,Others
AGGATCAGCCGCATAC-1,Others
AGGATCGATATTGACG-1,Others
AGGATTACGCTCAGAT-1,Edge
AGGCACTCCTTAAGGC-1,Others
AGGCATCCTCTGAACT-1,Others
AGGCATCTGAGCCTCC-1,Others
AGGCATGCGATTCGAC-1,Others
AGGCCAAGGTGAACGA-1,Others
AGGCCTTGCAGGCTAT-1,Edge
AGGCTGCACGGCTGAG-1,Others
AGGCTGTACAGGAGTG-1,Others
AGGTACCTGGACCTAA-1,Others
AGGTACTCAATCGCAT-1,Others
AGGTACTCTAATTCTA-1,Others
AGGTACTTAGCATCTT-1,Others
AGGTCCTGTAGGTTGA-1,Others
AGGTCCTTCCACAGGT-1,Others
AGGTCGCATATCGAGT-1,Others
AGGTCGGTATAACTTG-1,Others
AGGTGCTTGGACTCTA-1,Others
AGGTGGTAGCTGCCTG-1,Edge
AGTACCGATGAGCGAA-1,Edge
AGTACTATCCTGTCGT-1,Edge
AGTAGACTTACACCTC-1,Others
AGTATTACAGTACCAC-1,Others
AGTATTGACGGCCGTA-1,Others
AGTATTGGTCCACGTT-1,Others
AGTCATGCTTCCGACG-1,Others
AGTCGGACGTGACAGG-1,Others
AGTCGGCAGAGCTTGT-1,Others
AGTCGGCCACTCTGTT-1,Others
AGTCGTATAGGTGGCA-1,Others
AGTCTACTAACGTGTC-1,Others
AGTCTAGCTTGTTACA-1,Others
AGTGAGTGCGGACACT-1,Others
AGTGATTAACCTTGTT-1,Edge
AGTGCAACCTAGAAGC-1,Others
AGTGCGCATACTCACG-1,Others
AGTGGTAACAGCGATC-1,Others
AGTGTAAGACGCGGAC-1,Others
AGTGTAAGTGACGATG-1,Others
AGTGTCACTAATCATG-1,Edge
AGTGTCATTCTACGCT-1,Others
AGTGTCGGTTGCGTAG-1,Others
AGTGTCTGCAAGATGT-1,Others
AGTTAAGGATCTGATT-1,Others
AGTTAAGGCATCCGCA-1,Others
AGTTAGCTAGTCACCG-1,Edge
AGTTATTGAGACGGTC-1,Others
AGTTCGCTCCAGCGTG-1,Others
AGTTCGGTTCGACAAC-1,Others
AGTTCGTGAGATTACA-1,Others
AGTTGGAACAATCTGA-1,Others
ATAACATATCACTTCT-1,Others
ATAACCATGCAATTGC-1,Others
ATAACGAACTATTGAT-1,Others
ATAACGAATCGCTGAC-1,Others
ATAACGAGGACTTAAC-1,Others
ATAACGGTCTTGTAAT-1,Others
ATAACTCGAAGTCCGC-1,Others
ATAAGGAGTCCGCCGG-1,Others
ATAATCGCGTCATATG-1,Others
ATAATTGTGGAAGAGC-1,Others
ATACATCAACGTGATT-1,Others
ATACGCTGTAATAGAC-1,Edge
ATACGGCACTACGCGG-1,Edge
ATACGGTATCATCTCG-1,Others
ATACGGTCCAACGCTA-1,Others
ATACTAATTATGGAAC-1,Others
ATACTAGATTAACTCC-1,Edge
ATACTATCGTTGTAAG-1,Others
ATACTGACGCCGAGCA-1,Others
ATACTGCTGTCGTTGC-1,Others
ATACTGTATGGCGTCC-1,Others
ATAGAAGTAACGATCA-1,Others
ATAGACTAATCAGTAA-1,Others
ATAGCCGCGTGAACGC-1,Edge
ATAGCTATGTAGCATA-1,Others
ATAGGACTCATATGGC-1,Others
ATAGGTATGCTGCCGG-1,Others
ATAGTCGCTGTCCAAC-1,Others
ATAGTGCACGCCGGCG-1,Others
ATAGTTACCTTCGTAA-1,Others
ATAGTTACTGGCGAGC-1,Others
ATAGTTCATCTACGGT-1,Others
ATAGTTCGAGCACGCA-1,Others
ATAGTTCGAGTGACCG-1,Others
ATAGTTGCAGACCTAT-1,Others
ATAGTTGGTGCACTGC-1,Others
ATCAAGGAACGCATCG-1,Edge
ATCAAGTTGGCTCAGA-1,Edge
ATCACGAGATGAACAT-1,Edge
ATCAGAATTACTATTC-1,Others
ATCAGAGGCATAAGTA-1,Edge
ATCAGATTGTCATAGA-1,Others
ATCAGTACTCTGATCT-1,Edge
ATCATTACGAACCGAG-1,Edge
ATCATTCATGCATAAT-1,Others
ATCATTCGCTGGCGGA-1,Others
ATCATTCGTCGGTGCG-1,Others
ATCATTGTACGTCCGC-1,Others
ATCCACCGAATAAGCA-1,Edge
ATCCACCGAGCGTGAA-1,Others
ATCCACTCCGCCGTAG-1,Edge
ATCCAGGCGTTCTACT-1,Others
ATCCGAACTCCTTGGT-1,Others
ATCCGATTCTGGTCCA-1,Others
ATCCGGATGTGAAGGC-1,Edge
ATCCGGTGATAATGTT-1,Others
ATCCGGTGATTCCTAC-1,Edge
ATCCGTAGAACACCGC-1,Others
ATCCGTAGGCCTTGTA-1,Others
ATCCGTGAAGTGGTGA-1,Edge
ATCCGTGGACTTGTCG-1,Edge
ATCCGTTCGTGACCTC-1,Others
ATCCTACATAGTAAGG-1,Others
ATCCTCAACCGACGCC-1,Others
ATCCTCCAACTACATT-1,Others
ATCCTGGAATCCGAAG-1,Others
ATCGAACAGGCACTGA-1,Others
ATCGAATAACCTACCG-1,Others
ATCGCAACGCGTGCCT-1,Others
ATCGCAACTGCCTTCC-1,Others
ATCGCAGCAAGTCTGT-1,Others
ATCGCAGGTTCCGCCA-1,Others
ATCGCATTCCTATCCA-1,Others
ATCGTAATAGATGAGT-1,Edge
ATCGTAATAGTCACTC-1,Others
ATCGTAATGCGAGTCG-1,Others
ATCGTACAGATTACCT-1,Others
ATCGTACCGGAAGGCC-1,Others
ATCGTCACCTGACTAT-1,Others
ATCGTCGACCAATCAT-1,Others
ATCGTCGATTCACCAG-1,Others
ATCGTCGGTCTACTCG-1,Edge
ATCGTCTTGACTCGGT-1,Others
ATCGTGCCTGAGTTGC-1,Others
ATCTACAACTTCTGCA-1,Others
ATCTACATTAAGGTAA-1,Others
ATCTACCGCATGACTA-1,Others
ATCTAGACTACAACGA-1,Others
ATCTCCTGAGCGGCTG-1,Others
ATCTCCTGCCTTGATC-1,Others
ATCTCGGAATCCGGCA-1,Others
ATCTGACCACATTACC-1,Others
ATCTGATAATACTAAC-1,Others
ATCTGATAGTGAACCA-1,Others
ATCTGATCGCCGATGC-1,Others
ATCTTAGAACGCGAAT-1,Edge
ATCTTCCTCAGGAGCA-1,Edge
ATCTTGGTAACTGCAG-1,Others
ATGAACCAACGCCGAT-1,Others
ATGAATGATCCGAGCA-1,Others
ATGACACGGTATACCG-1,Others
ATGACAGAACATGATA-1,Others
ATGACATTCGACCAGA-1,Edge
ATGACCGTGCGTATCT-1,Others
ATGAGCATGATAGCCA-1,Others
ATGAGCATGGTCATAA-1,Others
ATGAGCCACCAACCAT-1,Others
ATGAGCGTATGTAACA-1,Others
ATGAGCTCGCGATAAC-1,Others
ATGAGTTCGACAGGCG-1,Others
ATGAGTTCTGCACCAG-1,Edge
ATGAGTTGTAGGCGAA-1,Others
ATGATTCAGTCGGCCG-1,Edge
ATGCAATCACGAGCTG-1,Others
ATGCATCAGGAGCTGA-1,Others
ATGCATGAATCATACT-1,Others
ATGCATTACTTCTACG-1,Others
ATGCCAATGTACGACA-1,Others
ATGCCTATCTAGGAGT-1,Others
ATGCGAACAATCTGGC-1,Others
ATGCGATGCGCACTAC-1,Others
ATGCTCATACCACGAT-1,Others
ATGCTGCGCACCAGTC-1,Others
ATGCTGCGCTTATCAC-1,Others
ATGCTTAGCCGACTAC-1,Others
ATGCTTAGTGAGATGG-1,Others
ATGCTTCACTCGCTAA-1,Others
ATGGAACCGTGAACGA-1,Others
ATGGAGATGCCGGTAC-1,Others
ATGGAGCGAGCCAAGA-1,Others
ATGGAGGCGACGAGCG-1,Edge
ATGGAGGTCAAGTCGC-1,Edge
ATGGAGTAGAGCGGAA-1,Edge
ATGGATACCTGAATGC-1,Others
ATGTACCAAGCTAACA-1,Others
ATGTACCAATTGGTGC-1,Others
ATGTACGATGGTACAG-1,Edge
ATGTACGGAGTATCCA-1,Others
ATGTACTCGCCACGTT-1,Others
ATGTACTTACCGGTCT-1,Others
ATGTAGAACAGGTTGC-1,Edge
ATGTAGAAGCACAGCA-1,Others
ATGTAGCCTCTTACCG-1,Others
ATGTAGCTTCGGAATT-1,Others
ATGTATCCGGTGATTG-1,Others
ATGTCAACCATAAGCA-1,Others
ATGTCGAGTTGGCCAC-1,Others
ATGTCGCACGTCCGAG-1,Edge
ATGTCGTAGAATCTGG-1,Others
ATGTCTTCCAGCCTAA-1,Others
ATGTGACACGTTAATT-1,Others
ATGTGCCGAACTGAAG-1,Others
ATGTGCCGTATCTGAC-1,Others
ATGTGCGTTGATGGCG-1,Others
ATGTGCTTGGTGAGGT-1,Others
ATGTTAACGCTAACTT-1,Others
ATGTTCACTGCAATCC-1,Others
ATGTTCGAGCTTAATA-1,Others
ATGTTCGTCTGTGACC-1,Others
ATGTTCTTGCAGTCGT-1,Others
ATGTTGAAGACATGGA-1,Others
ATTACACGCCTAAGTC-1,Others
ATTACAGCTACGGTAT-1,Others
ATTACCTTGTGGCGTT-1,Edge
ATTACTCAAGACATGC-1,Others
ATTACTGTCTGAGCCT-1,Others
ATTAGAAGGCGTTCCT-1,Others
ATTAGAAGTCCTGACA-1,Others
ATTAGATCGATCTGGT-1,Others
ATTAGATGTCCACCTT-1,Others
ATTAGCAGTGCAGCAT-1,Others
ATTAGCCGCTTGATGG-1,Others
ATTAGCTAAGTTGGTT-1,Edge
ATTATCCGAATCTAGT-1,Others
ATTATCGAACTTGTCG-1,Others
ATTATCTTATGAGTCG-1,Others
ATTATGATCTTCGAGT-1,Others
ATTATGCCTATCGCAG-1,Others
ATTATGCGCTATCAGA-1,Others
ATTATGGACGCCAAGT-1,Edge
ATTCAAGAGCTCCTGA-1,Others
ATTCACATAATGATCG-1,Edge
ATTCACGTTCGATCAT-1,Others
ATTCACTGAATGCGGC-1,Others
ATTCACTGAGACTGCT-1,Others
ATTCACTGGCAATGAC-1,Others
ATTCAGATTCTACATT-1,Edge
ATTCCAGAGCCGTGGA-1,Others
ATTCCGCACGAGCTGG-1,Edge
ATTCCGCAGCGGTGAC-1,Others
ATTCCGCATTGGTACG-1,Others
ATTCCGGTGCAGGTGG-1,Others
ATTCCGGTGCTTCCGA-1,Others
ATTCCTTCATGGTTGA-1,Edge
ATTCTAATAGGTCGGC-1,Others
ATTCTGAGTGATGCCA-1,Others
ATTCTGGAATCCTGGT-1,Others
ATTCTGTACGATTGGA-1,Others
ATTCTTAACGAGCAAG-1,Others
ATTCTTGTAGGCATCT-1,Others
ATTGAAGACCTCGCAG-1,Others
ATTGACTGTAGGCACC-1,Others
ATTGCACGGCGTACTA-1,Edge
ATTGCAGAGTTAGAGT-1,Others
ATTGCATAGAATCGAT-1,Others
ATTGCCAATATCGACA-1,Edge
ATTGCCAATGGTCACC-1,Others
ATTGCCAGCAGTATGT-1,Others
ATTGCCGCAGGCTCTA-1,Others
ATTGGCAAGCGGAAGG-1,Others
ATTGGCACGCCGTTGA-1,Others
ATTGGCATAGCCGGCG-1,Others
ATTGTTATACAAGCCT-1,Others
ATTGTTCAGAAGCTAA-1,Others
ATTGTTCGTGGTCTGA-1,Others
ATTGTTGGCTAGTGCT-1,Others
CAACAGTGAATCGTTC-1,Others
CAACAGTTCTTACCGT-1,Others
CAACCGAACACCAGAT-1,Others
CAACGCGTTGTCACGT-1,Edge
CAACGTCCGAGGTATC-1,Others
CAACGTGATGACCGTC-1,Others
CAACTCTGAGTGCAGA-1,Edge
CAACTGACTGAGAACA-1,Others
CAACTGCTGGCTATCC-1,Others
CAAGACGCAGTATGGT-1,Others
CAAGATCCAACCTAAT-1,Edge
CAAGATCGCATCGTCA-1,Others
CAAGATTAACAGCAAC-1,Others
CAAGATTACTGTGCCG-1,Others
CAAGCCTCTTACAGGA-1,Others
CAAGTAAGAACCACCT-1,Others
CAAGTAAGTGCATCAC-1,Others
CAAGTAGACGAGACAA-1,Others
CAAGTATCGGAGTTAC-1,Others
CAAGTCCGTATGATTA-1,Others
CAAGTCTGGCTCAACA-1,Edge
CAAGTGAATACTGAGC-1,Edge
CAAGTGACAGATGGAC-1,Edge
CAAGTGACTGGACGCA-1,Edge
CAAGTGATGGCCTCTT-1,Others
CAAGTGCTCGAAGTTC-1,Edge
CAATAAGGTTCTGGTT-1,Others
CAATCAGTCTTGAGCG-1,Edge
CAATCTGGAGCGTGCC-1,Others
CAATCTTAACAAGAGT-1,Others
CAATCTTCTGGTCAGC-1,Edge
CAATGCAATCAATCAG-1,Others
CAATGCCGAATGTAAG-1,Others
CAATGCCGTCGAGGTT-1,Others
CAATGCTACGTGCCAC-1,Others
CAATGGCCGAATCGGT-1,Others
CAATGGCCGCTTACGA-1,Others
CAATTGATACTCAACG-1,Others
CAATTGGAGTCCTTCA-1,Others
CACCGCACGATCCGCA-1,Edge
CACCTACTAGTCACCA-1,Others
CACCTCCATCCAATTG-1,Others
CACCTCGAACCTGGAT-1,Others
CACGAACCGGTGATAC-1,Others
CACGATACTCTAACAT-1,Others
CACGATGAGGTTGTGA-1,Others
CACGATGAGTCCTGGC-1,Others
CACGATGCGTATCGTA-1,Others
CACGCCATGTTAACCT-1,Others
CACGCCGGACAGATAC-1,Others
CACGCCGGACCAGGAG-1,Others
CACGCCGGACGGCCTT-1,Others
CACGCCTAAGGTCACG-1,Others
CACGGCAACCTTGGTA-1,Edge
CACGGCTCATAGGCTA-1,Others
CACGTATCGGCGGAGT-1,Edge
CACGTCACATAGAACC-1,Others
CACGTCACTACATGGA-1,Others
CACGTGCGTCTTCGAA-1,Others
CACGTGGATCCTCAGA-1,Others
CACGTGGCCGCTTCGA-1,Edge
CACGTGGTACCGTGGC-1,Others
CACGTTCTTAGGAAGT-1,Edge
CACTAAGCGTTCGGTT-1,Others
CACTACAAGCATGTCA-1,Others
CACTACGCATTAGTAT-1,Others
CACTCAGTCTTCGGAA-1,Others
CACTCCAATCATGCTT-1,Others
CACTCGAACTTGTTAC-1,Others
CACTGACTAAGGTTGA-1,Others
CACTGGACAGGTGAAC-1,Others
CACTGGCCGCATAGAC-1,Others
CACTGGCGTGCGCCAT-1,Others
CACTGGCTCCACCTAC-1,Others
CACTGGCTTGCGATTG-1,Others
CACTGGTGCTCGAGCA-1,Others
CACTTCCGTATCCGGT-1,Edge
CACTTGAGTTACAATG-1,Others
CAGACGAAGCGAGTTG-1,Others
CAGACGAAGTCAGCAC-1,Others
CAGACGATTCATTAGC-1,Others
CAGACGCAGTGGCAGC-1,Others
CAGACGGCTGCCATCA-1,Others
CAGAGCTCGACATACA-1,Others
CAGAGGAACTTGACCG-1,Others
CAGAGGATAGCGAGAT-1,Edge
CAGAGTCAACATTGGC-1,Others
CAGAGTCCTCTGCCAC-1,Others
CAGATATTAGATCTAA-1,Others
CAGATCATGTGAATTC-1,Edge
CAGATCGCATAGTGAT-1,Others
CAGATGGTTAGACGAG-1,Others
CAGCCAACGTTCCAAT-1,Others
CAGCCAAGCAAGTGCA-1,Edge
CAGCCATGAGTTGTTC-1,Others
CAGCCGCATACGGCCT-1,Others
CAGCGATATTACAGAT-1,Others
CAGCGATGAGATCAGG-1,Others
CAGCTGAGCGGTTATC-1,Others
CAGCTGCAACTGCGTA-1,Others
CAGCTGTCGCTTCTAT-1,Others
CAGCTGTCTGCGCATG-1,Others
CAGCTGTTATGTAACG-1,Others
CAGCTTGACCAGGTAG-1,Others
CAGGACTCATAATTAC-1,Others
CAGGAGTTATGTATAA-1,Edge
CAGGCCAAGTTGGCTA-1,Others
CAGTAACGACCAGAAG-1,Edge
CAGTAGTGTACTATAC-1,Others
CAGTAGTTGGAACTCA-1,Others
CAGTATGCTAGTGAGC-1,Others
CAGTATTAATGCGACA-1,Others
CAGTCTAGCTATAGCG-1,Others
CAGTCTGCGTCATGGA-1,Others
CAGTCTTCTACTAGGA-1,Others
CAGTTATGTATCGGTT-1,Others
CAGTTGGTCGGCATCC-1,Others
CATAACGGCTTAGACC-1,Others
CATAATTAACGCCGTT-1,Others
CATACCTCCGTATTGT-1,Others
CATAGAAGTGGACCGC-1,Others
CATAGACCTAGTAACA-1,Others
CATATCCGAACTGTTA-1,Others
CATATGAAGTTCATGC-1,Others
CATATGTTAATATGAG-1,Others
CATATTCTCGCAGAAG-1,Others
CATCACAGGCGTCACT-1,Others
CATCACCTCCGGCGGT-1,Others
CATCAGAATATGGTAG-1,Others
CATCAGACAAGATCTT-1,Others
CATCAGCAACTACCTT-1,Others
CATCAGTCGTCAATCT-1,Others
CATCCGATAGACCGAG-1,Others
CATCGCTCTTAGTGCT-1,Others
CATCGGCATCCGTAAT-1,Others
CATCGGCCTATTGTAT-1,Others
CATCGGTAATTGGTCT-1,Others
CATCGGTATGAATACA-1,Others
CATGCACGAAGTCTAG-1,Others
CATGCACGTAGGTAGC-1,Others
CATGCGGCATACATTG-1,Others
CATGCGGCGAACGAAG-1,Others
CATGTCTGGCCACTAA-1,Others
CATGTTGAAGCCTGTA-1,Others
CATGTTGACAAGACTT-1,Edge
CATTATGATCCTGCGG-1,Others
CATTCTACTCCATCCT-1,Others
CATTGAACTGCCAGCA-1,Others
CATTGAAGGAGCCGCA-1,Others
CATTGACTTACACTCG-1,Others
CATTGCCATCCTAATT-1,Edge
CATTGCTGGTTCGATC-1,Others
CATTGTAGCCGCGAAC-1,Others
CCAAGCTGCAGGACTA-1,Others
CCAAGGTAAGGCATCG-1,Others
CCAAGTTACCTCATGA-1,Others
CCAATACCGGTGAGGC-1,Others
CCAATACCTACGTCGC-1,Others
CCAATAGGTGTACCGA-1,Others
CCACAATTACTGAGGA-1,Edge
CCACAGATAATTACCA-1,Others
CCACATTGTAGGTCGA-1,Edge
CCACCGTATGAATGCG-1,Others
CCACCTCCTATGACTC-1,Others
CCACGTCACTAGATAA-1,Edge
CCACGTTCCATTCCAT-1,Others
CCACTGGTCTACTGAC-1,Others
CCAGACAGGTATTGCC-1,Others
CCAGCATATGCAATCC-1,Others
CCAGCCTGATCCGAGT-1,Others
CCAGGAGTAAGAGTTG-1,Others
CCAGGATAATCAATAG-1,Others
CCAGGATACTTCCTGT-1,Others
CCAGGTCCGACGGTGC-1,Others
CCATACATGTACCGAA-1,Others
CCATACGGCGATGGTG-1,Others
CCATAGACCTGGCAAG-1,Others
CCATCAGCTAGATTCG-1,Others
CCATGTAGGTCAGTAA-1,Edge
CCATTCCGGTATCTGG-1,Others
CCGAACCATTACCTAT-1,Others
CCGAAGGTGAGTCTGG-1,Others
CCGACATAACCAACCG-1,Others
CCGACCTCTAGCCGTC-1,Others
CCGATTAACCTTATGC-1,Others
CCGCAAGGTTAGATTC-1,Others
CCGCAATATCGTTCAA-1,Others
CCGCAATCGCAGCTCC-1,Others
CCGCAATGAGAAGGAA-1,Edge
CCGCCACTGTGACTTG-1,Others
CCGCGTAATAGATGTC-1,Others
CCGCGTATAAGAGCAC-1,Others
CCGCGTTAATGTAGAA-1,Others
CCGCGTTCCTGCGGTG-1,Others
CCGCGTTGCATGAGTT-1,Others
CCGCTCCGGTCAGAAC-1,Others
CCGCTCGGTCACAGTC-1,Others
CCGCTGCCAGGAGTCG-1,Others
CCGCTGGTCACTAGTA-1,Others
CCGGACTAGGATGCAA-1,Edge
CCGGAGTATGTTCCAG-1,Others
CCGGAGTTCATAGCGG-1,Others
CCGGATCATATGTCAC-1,Others
CCGGATGGTATTAAGA-1,Others
CCGGATTGGTGCTTCT-1,Edge
CCGGCAATTGGAGGTG-1,Others
CCGGCACGAGTGTTCA-1,Others
CCGGCACGTTGACATT-1,Others
CCGGCAGAGTACGTCT-1,Edge
CCGGCGCATTCGCTGC-1,Others
CCGGCGTCCGATAGTG-1,Others
CCGGCGTTCTGTATCC-1,Others
CCGGTAACTGAGTGGC-1,Others
CCGGTATTGTTCAGTG-1,Edge
CCGTAACAATTATGCG-1,Others
CCGTAACATCGAATGC-1,Others
CCGTAAGCAGGTCAGT-1,Others
CCGTATTCAATCCTGC-1,Others
CCGTGACACTAGTATC-1,Others
CCGTGACTCGGATAAT-1,Others
CCGTTCTATCTAGGAG-1,Others
CCTAACGCTACACGTT-1,Others
CCTAACTACGCTCGGA-1,Others
CCTAACTTGGACTCGT-1,Edge
CCTAAGCCACTCGAAC-1,Others
CCTAAGCGTAGGTCGC-1,Others
CCTACCAGCCTAACGA-1,Others
CCTACCGCGACCATTG-1,Others
CCTACGCTGCTCAGAA-1,Others
CCTACGTGCGAGTTAG-1,Others
CCTACGTGTCGGAAGG-1,Others
CCTAGAGTGCTCGACT-1,Others
CCTAGCTCTTGGCCGT-1,Edge
CCTAGTGATAAGCCAT-1,Others
CCTAGTTCCGACTCCG-1,Others
CCTCACCTAACGTTCA-1,Others
CCTCACGTCTGTGCCA-1,Others
CCTCACGTGAATCAAT-1,Others
CCTCACTATGCGGTGA-1,Others
CCTCAGATCTGCGTAA-1,Others
CCTCATTCGATGTTCG-1,Others
CCTCCATCAGTTACGC-1,Others
CCTCGCGACGCTTACT-1,Others
CCTCGCGGATCGTTAG-1,Others
CCTCGCTGCGAGTTGA-1,Edge
CCTCGCTTCAACCTTG-1,Others
CCTCGGCAGATCATCC-1,Others
CCTCTATGGATTGGCC-1,Edge
CCTCTATTCGTGATCC-1,Others
CCTGAACCAGTCCGGC-1,Others
CCTGAAGTGCTCTGAA-1,Others
CCTGAATAGGCCAGGA-1,Others
CCTGCTACGCAGAAGC-1,Others
CCTGCTATTGTCGCCT-1,Others
CCTGCTGGCTTGAGCA-1,Others
CCTGGATAACCTAGAA-1,Others
CCTGGCACCTCACGCT-1,Others
CCTGGCCATATGCGGA-1,Others
CCTGTCGATGGCTCTA-1,Others
CCTGTCTGTCTAACCG-1,Others
CCTTAGCGCTGCCGTT-1,Others
CCTTAGCGCTTCACAA-1,Edge
CCTTAGCGTTGAATTG-1,Others
CCTTAGTATGTAGTCG-1,Others
CCTTATGTTCATTGGC-1,Others
CCTTCAACGGAATCTA-1,Edge
CCTTCAACGGTCGGTT-1,Edge
CCTTCAGCACAACGTT-1,Others
CCTTCAGGCGGTACGG-1,Others
CGAACCACTTAGGATC-1,Edge
CGAACCGATAGTATCT-1,Others
CGAACGATGCAGACGC-1,Edge
CGAACGCTCGCACTGA-1,Edge
CGAAGACTGTTGACGC-1,Others
CGAAGTAGGACGCATG-1,Others
CGAAGTGACAACTCGG-1,Others
CGAAGTGAGCCTTGCG-1,Others
CGAATCAACTCATTGC-1,Others
CGAATCAGCGAGTGGC-1,Others
CGAATCCTGCGACATT-1,Edge
CGAATGGAATCGTGAC-1,Others
CGACCAGCTGGCCAAC-1,Others
CGACCAGGCGGACAGA-1,Others
CGACCTATACTAGTCC-1,Others
CGACGCAGATACAACC-1,Others
CGACGCCGTACGTTCT-1,Others
CGACGCGAGCTCCAAG-1,Others
CGACGCGAGTCTCATC-1,Others
CGACGCTCACATAAGT-1,Others
CGACGCTCTTAGGTCA-1,Others
CGACGGAGATCTCGTC-1,Edge
CGACTAAGGCAGCGAC-1,Edge
CGACTAGATGCTATTG-1,Others
CGAGAACGGACATGAT-1,Others
CGAGACGACACGCTTG-1,Others
CGAGATTGCGAGTCAT-1,Others
CGAGCGGCTACATAGC-1,Others
CGAGGAAGATTCGATT-1,Others
CGAGGAGCGAGGTTGT-1,Others
CGAGGATACTGTACTC-1,Others
CGAGGATATTGAAGCG-1,Edge
CGAGGATTATGCCTTC-1,Others
CGAGGATTCATCCAGC-1,Others
CGAGTCATAAGTCCGT-1,Edge
CGATAAGGAGCGAATA-1,Others
CGATGAAGATGTCCAT-1,Others
CGATGAGGTTACTCTG-1,Others
CGATGCTGCGTGCATT-1,Others
CGATGGCACTCGTGAA-1,Others
CGCAAGTCTTCGCTCC-1,Edge
CGCAAGTGAACTGTTC-1,Others
CGCAATACTTATCTTG-1,Others
CGCAATCTGCGTGAAT-1,Others
CGCAATGTGAAGATTC-1,Others
CGCACGCACGGAGCCT-1,Others
CGCACGCCATAGGTAG-1,Others
CGCACTACTTGTACAG-1,Edge
CGCACTTCTAGCGGCT-1,Others
CGCAGACAGGATCCGT-1,Others
CGCAGACGGTGACAGC-1,Edge
CGCAGATAACATACTA-1,Others
CGCATATCTGGAAGGA-1,Others
CGCATCGCACTCGGAT-1,Others
CGCATCTTACGCAACT-1,Edge
CGCATCTTGACAGTTA-1,Others
CGCCTATTCTTAACTC-1,Edge
CGCCTCTAACTTACAT-1,Edge
CGCCTCTGTCCTGCCA-1,Edge
CGCCTTATGTCCAGAA-1,Others
CGCCTTCATTCAAGAC-1,Others
CGCCTTGTCGACCGAG-1,Others
CGCTACAGTGCCAGGT-1,Others
CGCTAGACCATGGTAG-1,Others
CGCTAGCCGTTCATGG-1,Others
CGCTAGGAGTTAATTA-1,Others
CGCTATCTATAATCAC-1,Others
CGCTATTAGCGTTAAC-1,Others
CGCTCGAATAACAATT-1,Others
CGCTCGAGGTGCTTGT-1,Others
CGCTCGAGTACATAAT-1,Others
CGCTGAACAATAAGCG-1,Edge
CGCTGACGCTCATCAA-1,Others
CGCTGCACTAATACAT-1,Others
CGCTGCCATGAAGGCT-1,Others
CGCTGCGAAGATCCTA-1,Others
CGCTGCGGAGCACGTT-1,Others
CGCTGCGGTCCATCAC-1,Others
CGCTGCTTGCTTCAGT-1,Others
CGCTGTATCCGGTTCT-1,Edge
CGCTTAAGTAATTCGT-1,Others
CGCTTACCATGCTAGT-1,Edge
CGCTTAGTAATCACGC-1,Others
CGCTTAGTGACTCGTT-1,Others
CGCTTCCGTGACTCTG-1,Others
CGCTTCCTACAGCTTC-1,Others
CGCTTGATCTCGCAGC-1,Others
CGCTTGGACATGTCAC-1,Edge
CGGAACCAGCCGGCAC-1,Others
CGGACGAGGACATTGT-1,Others
CGGAGCACGGCCATTG-1,Edge
CGGAGCTATGTATCAG-1,Others
CGGAGGCATACGCTGT-1,Others
CGGAGGCGCCAGTAAC-1,Edge
CGGAGTGGTCGCGACC-1,Others
CGGAGTTCACTACCGG-1,Others
CGGAGTTCGGCGCCGA-1,Others
CGGATAGCGTGAGTTA-1,Others
CGGATTCGAATAACCT-1,Others
CGGCAAGATGAAGACG-1,Others
CGGCAATGGCACAGCC-1,Others
CGGCATGGTGAGACTG-1,Others
CGGCCATTATAATGTT-1,Others
CGGCCGACGTCCAGTC-1,Others
CGGCCTCCATAGGCTT-1,Others
CGGCCTGCCTTAGTGG-1,Others
CGGCGTAAGCGACAGC-1,Edge
CGGCGTAGCCTCCGCT-1,Edge
CGGCGTCATGATACAA-1,Others
CGGCTCCTATCTTGGC-1,Others
CGGCTGACATCTCCGC-1,Others
CGGTAGATTCGCTCGG-1,Others
CGGTAGCAGTCATACT-1,Others
CGGTAGCGGTCTGTAC-1,Edge
CGGTCCATGCCTACCT-1,Edge
CGGTCCTTCCGCTTGG-1,Others
CGGTGAACTACGACTT-1,Others
CGGTGATTAGAACTTC-1,Others
CGGTGCGTTAACAAGT-1,Others
CGGTTAGAGTCTCGAC-1,Others
CGGTTGCAGGAGTGAC-1,Others
CGGTTGGCCATAGCCG-1,Others
CGGTTGGCGTAGATAC-1,Others
CGGTTGTCAGCTGACC-1,Others
CGTAACATGGAAGCTT-1,Others
CGTACAGTTCACGAGG-1,Others
CGTACATTGCTGGCAC-1,Others
CGTACTTACTGGCCAG-1,Others
CGTACTTAGGACTCAG-1,Others
CGTAGAGCAAGAGGCT-1,Others
CGTAGTCGAGGATTAT-1,Others
CGTAGTTGGTGACCAC-1,Others
CGTCACGTCTACGTAG-1,Others
CGTCACTGGAGGTATT-1,Others
CGTCCAGACTGTCTAA-1,Others
CGTCGCTTGGATTAAT-1,Others
CGTCGGATCAGCCGGC-1,Others
CGTCTTCATCACGATT-1,Edge
CGTGAGCAGGCTACCA-1,Edge
CGTGGCCGCAGTGGAT-1,Edge
CGTGGCCTCATAAGCC-1,Edge
CGTGGCGATTGCCACT-1,Others
CGTGTACGCTGGCAAT-1,Others
CGTTACGGTTCTCGGA-1,Others
CGTTCCTCGCTTCTCG-1,Others
CGTTCTCGTACTATAG-1,Others
CGTTCTGGTGCTTCTG-1,Others
CGTTGGTGCACGCCAC-1,Others
CGTTGTCAATTAGCCA-1,Edge
CTAACAGCTGAAGAGG-1,Others
CTAACCACTGAGATGA-1,Others
CTAACCTATCGATTAT-1,Others
CTAACTAACGGCCAGC-1,Others
CTAAGACTTCCTAAGA-1,Edge
CTAAGAGGAATCACTG-1,Others
CTAATATCATGGTCTG-1,Others
CTAATCTGGCATCAAG-1,Others
CTACAGATCAACCTCA-1,Others
CTACAGCCTGAAGTCT-1,Others
CTACAGCGGTGATTCT-1,Others
CTACAGTAACGCCTCG-1,Others
CTACCAAGACCGTTGG-1,Others
CTACCATCCAGCGAAT-1,Others
CTACCTCCACCTAGCC-1,Others
CTACCTTAGATAACGG-1,Others
CTACGAATGACTGTAT-1,Others
CTACGAGTAACGAAGG-1,Others
CTACGAGTATCAGATA-1,Others
CTACGAGTTGCGGTTG-1,Others
CTACGATCAATAACTC-1,Others
CTACGATGGCTTGATC-1,Others
CTACGCTTCCTGTTCA-1,Others
CTACTCCTGGACGTAG-1,Edge
CTACTCGGAATTGCTT-1,Others
CTACTCTAGGCGACAT-1,Edge
CTACTCTGCTTCGGTA-1,Others
CTACTGAGACGAGCCA-1,Others
CTACTGCCGCGTTGTC-1,Others
CTACTTCATGTTATAA-1,Others
CTAGATAGTGATCGTT-1,Others
CTAGATGATTCTGGAT-1,Others
CTAGCAACTGGACAGA-1,Edge
CTAGCACGCTACTCCG-1,Others
CTAGCACTCATGACGC-1,Others
CTAGCACTCGGAAGGA-1,Edge
CTAGCACTGGCCTCCA-1,Others
CTAGCAGGTGGAGCCA-1,Others
CTAGCATATCACAGTC-1,Others
CTAGCGGAATCTAGTT-1,Others
CTAGCGTCGGTTATCT-1,Others
CTAGGAACTCACTTAG-1,Edge
CTAGTTCCAATCTTAG-1,Others
CTAGTTCTGGTGTAAC-1,Others
CTAGTTGAGTATAGCT-1,Others
CTATAACCAGGTGGCG-1,Others
CTATAACGTGCACGTA-1,Others
CTATAGCAGATGGCAT-1,Others
CTATCAGAGCTAACCG-1,Others
CTATCCACAGTGTACT-1,Others
CTATCCGCTCATGGTC-1,Others
CTATCCGTGGATGCTG-1,Edge
CTATCCTGCTGTCGTT-1,Others
CTATCCTTAAGTACTT-1,Others
CTATCGGCCAGCCTGC-1,Others
CTATCGGTCCATCTCC-1,Others
CTATCGTTGCCTACGG-1,Edge
CTATCTCCGGCGACCA-1,Edge
CTATGCCAACTGAGGC-1,Others
CTATGCTTCTACGGAT-1,Others
CTATGTGCCGACTACC-1,Others
CTATGTGCCTTGCTAC-1,Others
CTATGTGCTAACCTGT-1,Others
CTATTAAGCTGTCGGC-1,Others
CTATTAAGGATACACC-1,Others
CTATTACACTATAGGA-1,Others
CTATTAGCTAGGCGTC-1,Others
CTATTAGTTCTTCGTT-1,Edge
CTATTATGGACACGGT-1,Others
CTATTATGGCTGACCA-1,Others
CTATTCATCCAGACCG-1,Others
CTATTCCGCCTTCGCA-1,Edge
CTATTGTAGCAGTAGA-1,Others
CTCAATCTCACCATGC-1,Edge
CTCAATCTCCGGAGCC-1,Edge
CTCACCTGAGTCCGCT-1,Edge
CTCACCTGCGTTATAG-1,Others
CTCACGAAGTCATAGG-1,Edge
CTCACGAGGTTAATTA-1,Others
CTCACGGTATGTACGG-1,Others
CTCAGAGGTATGCGAG-1,Others
CTCAGCCTCAGTTCGG-1,Others
CTCAGGCGCATCCATC-1,Others
CTCAGGTCCATTCCGA-1,Others
CTCATAATGAGGAAGG-1,Others
CTCATAATGGATGGCC-1,Others
CTCATACTTATGAGGT-1,Others
CTCATCCAGCTTAAGG-1,Others
CTCATCGAGCGAGTTA-1,Others
CTCATGAAGTCGCACC-1,Others
CTCATGCTCGCTTATC-1,Others
CTCCAACATTATGAAT-1,Others
CTCCAACGGCTCGGTC-1,Others
CTCCAAGCCGGATTCG-1,Others
CTCCAATGGACACTCC-1,Others
CTCCACTTCTTAGAGG-1,Others
CTCCAGCCGTTGGTAG-1,Others
CTCCAGCTATCGGACT-1,Edge
CTCCAGTTGGAAGCGT-1,Others
CTCCATGGAAGATATT-1,Others
CTCCATTACAGACGTT-1,Others
CTCCGCTAGTGCTAAC-1,Others
CTCCGGTATGCTTCGG-1,Others
CTCCTAAGCAACGATG-1,Others
CTCCTAAGTCGGTTGT-1,Others
CTCCTACTGCCTTCTA-1,Others
CTCCTAGATTACGACC-1,Edge
CTCCTTACCACGGCCA-1,Others
CTCCTTATAAGGAGTT-1,Others
CTCCTTCGATTCGGAA-1,Edge
CTCCTTCGCAGACGCC-1,Others
CTCGACATGTTGCCTT-1,Others
CTCGACTGAGCTAAGA-1,Others
CTCGATAGGCCTCAGG-1,Others
CTCGATGCTTCGATTC-1,Others
CTCGATTCGACCAGCT-1,Others
CTCGCATATCAACACG-1,Others
CTCGCTTGCCATTGGC-1,Others
CTCGGAAGCGGACGTA-1,Others
CTCGGAATCAACCTTC-1,Edge
CTCGGAATGTGACACT-1,Others
CTCGGACTGTCAGTAG-1,Others
CTCGGTACATACTGTA-1,Others
CTGAACATGGTCGCCT-1,Others
CTGAACCAATGGTCTT-1,Others
CTGAAGACAGACGAAT-1,Edge
CTGAAGGCACTTAGAT-1,Others
CTGACGTAGTCGGAGT-1,Others
CTGACTAAGCAGCCGC-1,Others
CTGACTAAGGATTGAA-1,Others
CTGACTAGTCTGGATG-1,Others
CTGACTATTGGATCTA-1,Others
CTGACTGGAATTACGT-1,Others
CTGACTGGAGATAATG-1,Edge
CTGACTGTACGCACCT-1,Others
CTGACTTCAGTGGCTG-1,Others
CTGATCTTAGACCGAG-1,Others
CTGATTAAGCATAACA-1,Others
CTGATTGCATGGCATC-1,Others
CTGCATACAAGCGAGT-1,Others
CTGCATACGGACAATT-1,Others
CTGCATGGACGCGGTC-1,Others
CTGCCGAGGAGTTAAT-1,Others
CTGCCGAGTAATAGCT-1,Others
CTGCCGATGCGTGGTC-1,Others
CTGCCGCTAGCGGTCA-1,Edge
CTGCCTAAGCCTGTGC-1,Others
CTGCGGCAAGCCTATT-1,Others
CTGCGTATGTAAGCGA-1,Others
CTGCGTCGTACTTGTC-1,Edge
CTGCTAAGCGTAAGTC-1,Others
CTGCTACCGCTTCTGC-1,Others
CTGCTAGCATAGCTGT-1,Others
CTGGAACAATCCGCTC-1,Others
CTGGAGTCCTATTGTC-1,Others
CTGGCCTGTAGCGGCA-1,Others
CTGGCTACCACGACGC-1,Edge
CTGGCTAGCGTGAATT-1,Others
CTGGCTCAGACTAACG-1,Edge
CTGGCTCGGTTCTACC-1,Others
CTGGCTGTACTAGATG-1,Others
CTGGCTGTAGTTATGG-1,Others
CTGGTAAGCTTAACCG-1,Others
CTGGTGATCACTCCGT-1,Others
CTGGTGGCAGCCTAGA-1,Others
CTGGTGGCGATGTCAG-1,Others
CTGGTTCTCAGCCGAA-1,Edge
CTGTAATAGGATAAGA-1,Others
CTGTAATTCGGATGTA-1,Edge
CTGTACCTCATACCGG-1,Others
CTGTCAATGGCTATTA-1,Others
CTGTCCTACTAAGGCA-1,Others
CTGTGCAGTAGGTGTA-1,Others
CTGTGCCGTGGTTCAG-1,Others
CTGTGCGACGAATCAC-1,Others
CTGTGCGATAACGAAG-1,Others
CTGTGGATACCTAGGA-1,Others
CTGTGGATCCTTCAAG-1,Others
CTGTTACCTAATGAGT-1,Others
CTGTTCGTGGTTGTAG-1,Others
CTTAACCACGTCTAGT-1,Others
CTTACGATTCCACGTC-1,Others
CTTACGGTCCAGTTCT-1,Others
CTTACGGTGCCTATAC-1,Others
CTTAGACAAGTTCGGT-1,Others
CTTAGCAATTGCACCA-1,Others
CTTAGCACTCTTATGC-1,Others
CTTAGCTTATGCTTCA-1,Others
CTTAGTTGCGACTAGC-1,Others
CTTATCACGCTATGCT-1,Others
CTTATCGAACTTACTC-1,Edge
CTTCAAGAGCTTATAG-1,Others
CTTCAATGACGTCATC-1,Edge
CTTCCACCGGTAGTAT-1,Others
CTTCCGACATAAGCTT-1,Others
CTTCGAATAACCACCG-1,Others
CTTCGAATGTTCCATA-1,Others
CTTCGACCAGTGCAAT-1,Others
CTTCGAGCCTTCCGAT-1,Others
CTTCGAGGCCTCGCAA-1,Others
CTTCGCTCTGGTGACA-1,Others
CTTCTAACGGTCTGTC-1,Others
CTTGAAGACCTGCTTA-1,Others
CTTGAATCTGGTCGTG-1,Others
CTTGAGCTGAATAGTC-1,Others
CTTGATCTGCAGCGGT-1,Edge
CTTGCCTCGTAATTGC-1,Others
CTTGCGCTATGGTGTC-1,Others
CTTGCTACCAGTCTCG-1,Others
CTTGGACAGAGCATCA-1,Edge
CTTGGACAGTCGAGTC-1,Others
CTTGGACTACGAGTTA-1,Others
CTTGGATTCAGGAGAA-1,Others
CTTGGTAGAAGTCGGT-1,Others
CTTGTATCGCATACCG-1,Others
CTTGTATCGTTGCTAT-1,Others
CTTGTCAAGTCTAATC-1,Others
CTTGTCGCTGAATACC-1,Others
CTTGTCTATCACATCT-1,Others
GAACAAGCTCGCACGT-1,Others
GAACAGTGCGCAATGT-1,Others
GAACATTGAGTTATCG-1,Others
GAACCGGAAGTCGTGG-1,Others
GAACGCTTATACCTAG-1,Edge
GAACTGCGGCCGATGA-1,Others
GAACTTGAATACAGAA-1,Others
GAAGCCGGCACGCTGC-1,Others
GAAGCGAGCCACGGCT-1,Others
GAAGCGGAACTTGAGC-1,Others
GAAGCGGAATTAATGT-1,Others
GAAGCGGCTTGACCTC-1,Others
GAAGCTAGGATAGTCC-1,Edge
GAAGCTTACCAAGGTG-1,Others
GAAGCTTAGCATGCGT-1,Others
GAAGCTTCGTATTATC-1,Others
GAAGCTTGCACCGTCG-1,Others
GAAGGCTGCAAGTCTT-1,Others
GAAGTAATGACTGGAC-1,Others
GAAGTCGACATCAACT-1,Others
GAAGTCGCGTCACCGC-1,Others
GAATACGGTGCATATT-1,Others
GAATCCATTGTATGAC-1,Others
GAATCCTCTTGTGATT-1,Edge
GAATGAACCTTATCCA-1,Others
GAATGAACTGTACAGA-1,Others
GAATGACACGCTGTAG-1,Others
GAATGACTACGCATGA-1,Others
GAATGAGGACTTCTGA-1,Others
GAATGGACGACTTGAA-1,Others
GAATGGAGTTCGCTGC-1,Others
GAATGGCACTTGTAGA-1,Others
GAATGTATGACCTTCC-1,Others
GAATTAGATTGGTAAG-1,Others
GAATTCTGATAAGTAT-1,Others
GACAACGGTAGAACCT-1,Others
GACAACGTTAGTCACG-1,Others
GACAAGACTCAAGTTC-1,Others
GACAATTGTCTTGCTT-1,Others
GACAGAATAGGTGCCT-1,Others
GACAGACGGACAGAAC-1,Others
GACAGAGGTAAGGTAA-1,Others
GACAGGTATGAGACGC-1,Others
GACATCACGACACCTG-1,Edge
GACCACTCGCATTCAG-1,Others
GACCGATGAGCTTGTT-1,Edge
GACCGCGTAATACAAG-1,Others
GACCGGTAAGCTCACG-1,Edge
GACCGGTTCTGTCGCC-1,Others
GACCTGATGGATGCCT-1,Others
GACCTGCACTGTTATT-1,Others
GACCTGCTAGTAGATC-1,Edge
GACCTGCTCCAACTTA-1,Others
GACCTGGTTGGACGCA-1,Others
GACCTGTCATCGGTCA-1,Others
GACGAGATCTCAACAT-1,Edge
GACGAGGTGAGGTTGC-1,Others
GACGCAACGTACTAAT-1,Others
GACGCACGCAATTCTT-1,Others
GACGCCTCCAACTACA-1,Others
GACGCTCGTAGGTGTA-1,Others
GACGGTCTATTCGCAT-1,Others
GACGTTACCACGCAGG-1,Others
GACGTTGAACTACACG-1,Others
GACTAGCCGCGACAGC-1,Edge
GACTGAGTATGCCGGC-1,Others
GACTGGCTTAAGTGTT-1,Others
GACTGGTGGCTTGGAG-1,Edge
GACTTAATGACAACTC-1,Others
GACTTAGGATCTCCAG-1,Others
GACTTGAGTGCAGCGT-1,Others
GACTTGCATAGGTAAT-1,Others
GAGCATTGCAGGAGCC-1,Others
GAGCGACGTCGATTGG-1,Others
GAGCGATAGCGAGGTC-1,Others
GAGCGGATGCGTGATA-1,Others
GAGCGGCTCCGCTACC-1,Others
GAGCGGTGCTCCGCCA-1,Edge
GAGCTATTACCGCCAG-1,Others
GAGCTGGTGATCTGCA-1,Others
GAGGAACATTGACGAT-1,Others
GAGGAAGGCAGAGTAA-1,Edge
GAGGAAGGTGAACATA-1,Others
GAGGATGCTCACATCG-1,Others
GAGGCCACAGTGGCAG-1,Others
GAGGCCTAGTGATGCT-1,Others
GAGGTAGAGTGACAGC-1,Others
GAGGTAGTTCATAACA-1,Others
GAGGTCACTCGGACGG-1,Others
GAGGTCATAGGACATA-1,Others
GAGGTGCCTCACGCTC-1,Others
GAGGTGCGCCTGCGAT-1,Others
GAGGTGCGTAGTTCAC-1,Others
GAGGTGTATGGTTCTG-1,Edge
GAGTCACGACAACCTT-1,Edge
GAGTCACGCAGGAGCA-1,Others
GAGTCCACGAACTAAC-1,Others
GAGTCCGTGAAGATTG-1,Others
GAGTCCTGAGCCGATT-1,Others
GAGTCTCGTTGCCAGT-1,Edge
GAGTGCGATAAGGCCT-1,Others
GAGTGGAATTATCTTC-1,Others
GAGTTAGTTCGGAGGT-1,Others
GAGTTCAGTCGGTCAT-1,Others
GATAAGAAGTACGCGG-1,Others
GATAAGGCTGGCTACT-1,Others
GATACTTCGTACAGTT-1,Others
GATAGAGTCATCTTAC-1,Others
GATAGAGTCGCTGGCA-1,Others
GATATCAGAATGGACG-1,Edge
GATATGCTGTAACTGT-1,Others
GATCACTCGTAGCTAG-1,Edge
GATCCAATGCTCGTGC-1,Others
GATCCAATTGATGTGG-1,Others
GATCCACTGTTGCTGT-1,Others
GATCCATACCACCTAG-1,Others
GATCCGGAACTCAGAT-1,Edge
GATCCGGACTATGCCA-1,Others
GATCGCAGTTACATAC-1,Others
GATCGTGCAGCTTAGT-1,Others
GATCGTGCATCCAGCT-1,Others
GATCGTGGATCTACAG-1,Others
GATCTTATCTCCATCA-1,Others
GATCTTCATTCGAACC-1,Others
GATGACATTCGAAGTG-1,Others
GATGAGTCCGCTGTCG-1,Others
GATGCCAAGTGAGTTA-1,Others
GATGCCTAACAGGCAG-1,Edge
GATGGACTAAGGCGAT-1,Edge
GATGGACTAAGTGACA-1,Others
GATGGACTACAGGTAG-1,Others
GATGGAGTCCGCGATG-1,Others
GATGTAAGACTCGTTA-1,Others
GATGTAATCATGCCGT-1,Others
GATGTAGGCGTGCGGA-1,Others
GATGTCCGATACGGTC-1,Others
GATTAAGATGCGTCGA-1,Edge
GATTAAGCCTACTGAG-1,Others
GATTAATTCACTAGAA-1,Others
GATTAGTTAATCATTC-1,Others
GATTATTCCAACTACC-1,Others
GATTCAGCTTAGGCTT-1,Others
GATTCCGATCGCGATA-1,Others
GATTCCGCAATGGCAA-1,Edge
GATTGAAGACATTCGT-1,Others
GATTGATACAGAAGGC-1,Others
GCAACACCGTATGATC-1,Edge
GCAACACCTACACTGT-1,Others
GCAACACTAACCGGCG-1,Others
GCAACAGTCGGTTAGG-1,Others
GCAACTTAGACACCAA-1,Others
GCAAGAACGAAGGTTC-1,Others
GCAAGAATCACCGATC-1,Others
GCAAGAATTCCGACCG-1,Others
GCAAGACGCAGGTGTC-1,Others
GCAAGACGCTCAGACC-1,Others
GCAAGATATCCAAGTA-1,Others
GCAAGCAGTGCTAGCC-1,Others
GCAAGTCGAAGAGTCG-1,Edge
GCAAGTCGGCCGACTT-1,Others
GCAATCGTCAAGTCGT-1,Others
GCAATTAGCGAAGCAA-1,Edge
GCAATTGAGTCTGCGA-1,Others
GCACAGGTCAACAGCT-1,Others
GCACCACGACAGTGAG-1,Others
GCACCTATTACAGCCT-1,Others
GCACGAACGGCATGTA-1,Others
GCACGAAGCAAGGCCA-1,Others
GCACGACTACAACGCA-1,Edge
GCACGCCTGTTCCTAT-1,Others
GCACGCTTCGCCTTAA-1,Others
GCACTGCTCATCCTGT-1,Others
GCACTGTTAGTGGCAT-1,Others
GCACTGTTCTATACCG-1,Edge
GCAGACGACACTACTT-1,Others
GCAGATACGAGTATAG-1,Others
GCAGATCGAACCACGT-1,Others
GCAGATTCACGCGGCT-1,Others
GCAGCGAGTAAGTAAT-1,Others
GCAGCGCAAGTGGTGA-1,Others
GCAGGCCACTTAGACG-1,Others
GCAGGCCATGCTATAG-1,Others
GCAGGCTCAGATACAA-1,Others
GCAGGCTCAGTGCAAT-1,Others
GCAGGCTCCAGGAGGC-1,Others
GCAGGTCAATAGCGAC-1,Others
GCAGTGGTCGCCTGGT-1,Edge
GCAGTTCGATAGGTTG-1,Others
GCATAAGGACATGGTT-1,Others
GCATTAATTACGGTTG-1,Edge
GCATTACCGCTGAATT-1,Edge
GCATTGTCGAGTATGG-1,Others
GCATTGTCTGGTGACA-1,Others
GCATTGTTGATTCGGC-1,Others
GCCACCGACTGCTTAG-1,Others
GCCACGAATTAGTTGT-1,Edge
GCCACGAGCAGAGCGG-1,Edge
GCCACGGCTCGCAAGC-1,Others
GCCACTATGGTTGGCC-1,Others
GCCACTCCTTCTTAAT-1,Others
GCCAGAAGATTGTAAG-1,Others
GCCAGTATCTAACAGA-1,Others
GCCATAAGTTAACACT-1,Others
GCCATAATAGCTAGAC-1,Others
GCCGACCTCGCCTAAC-1,Others
GCCGATCTTACAACGG-1,Others
GCCGCTAGCATTATCC-1,Edge
GCCGGCAGACGTTGAG-1,Others
GCCGGCATCCGCCTCA-1,Edge
GCCGGCGTCGGATTCT-1,Others
GCCGGCTGGAGGTAGT-1,Edge
GCCGTGAACTGTTCGA-1,Others
GCCGTGGTTCCGGATC-1,Others
GCCTAACGACGTTGAC-1,Others
GCCTATAGTTGGTATG-1,Others
GCCTCCGTTATGAGTC-1,Others
GCCTCCTTGAAGGAGT-1,Edge
GCCTGGAAGACCAAGT-1,Others
GCCTGTTATGCTTATG-1,Others
GCCTTCACTATTAATC-1,Others
GCCTTCTGCCTGCAAC-1,Others
GCCTTGCGCTGTGAAG-1,Others
GCCTTGGAAGTCGCTA-1,Edge
GCGAACAACGGAATCG-1,Others
GCGAAGATCAGAACGA-1,Others
GCGAATACGGAACCGA-1,Others
GCGAATAGTGAAGTCC-1,Others
GCGAATTGGACAACTC-1,Others
GCGACAATAATGCGCA-1,Others
GCGACGTCTATGTAGG-1,Others
GCGAGCAGGATTCACT-1,Edge
GCGAGTAAGAGCCGGT-1,Others
GCGATACCTAGTTCCG-1,Others
GCGATCAGCGGAGCTG-1,Others
GCGATGTATTGACTTA-1,Others
GCGATTGATATGAATA-1,Others
GCGGCTCGGCATGACT-1,Others
GCGGTCATTAGTCCAA-1,Others
GCGGTCCTACTCGCGA-1,Others
GCGGTTGGTGCAAGCC-1,Others
GCGTAATGTCAACCTG-1,Others
GCGTCAAGAATACGAT-1,Others
GCGTCGCCGTCTGCAT-1,Edge
GCGTCGCCTAATCCGT-1,Others
GCGTCGCCTCATGTCA-1,Others
GCGTCGGTATTCGCCG-1,Others
GCGTCGGTTCCTACAT-1,Others
GCGTCGTAGGTAGTGC-1,Others
GCGTCTACCGGACTTA-1,Others
GCGTCTCACGTCTTAC-1,Others
GCGTCTCGACGTGAAC-1,Others
GCGTCTCGCCTCAATA-1,Others
GCGTGCCTGGTGTCTA-1,Others
GCGTTCGTTCAAGCCA-1,Others
GCGTTCTTATGCAATG-1,Others
GCTAACAGACCGTTGT-1,Others
GCTACAATGAATGCTA-1,Others
GCTACTTCCGGAATGC-1,Others
GCTATCGCTAATTCAA-1,Others
GCTCAATCTTGATCCG-1,Others
GCTCATGATACAGCTC-1,Others
GCTCCTCAGTCCTACA-1,Others
GCTCGATAGCCAGTTG-1,Edge
GCTCGCACGCCTCCTA-1,Edge
GCTCGCCGCATGCCTA-1,Others
GCTCGCGGTCACGTGG-1,Others
GCTCGCTGCCGCGGAA-1,Others
GCTCGTCTGAAGTTAC-1,Others
GCTCTATTAACCGATG-1,Others
GCTGAAGTTAACTCAG-1,Others
GCTGACCAGGTGACCG-1,Others
GCTGACTTCCGGATGA-1,Others
GCTGCGCTTGAGGAAC-1,Others
GCTTATAATTAATGGT-1,Others
GCTTATGTCTTATGTA-1,Others
GCTTCGATGCAATGAT-1,Edge
GCTTCGATTGATTACC-1,Others
GCTTCGCAATGCTCTA-1,Others
GCTTCGCTCAGGTCCA-1,Others
GCTTCGGAGTCTACAG-1,Others
GCTTCTAATTCAGCAC-1,Others
GCTTCTACAACCTTCT-1,Others
GCTTGCCGCAGTAAGT-1,Edge
GCTTGGTCACGCCGGC-1,Others
GCTTGGTCTGAGGAAG-1,Others
GCTTGGTGAAGACTAT-1,Edge
GGAAGTCCTCTAGTAC-1,Others
GGAATCCTTGCACCAG-1,Edge
GGAATCGAACATTCGT-1,Others
GGAATGAAGGTGTATC-1,Edge
GGAATGGTATCTCACC-1,Others
GGAATGGTTGATGCAG-1,Others
GGAATGTCAGACAAGA-1,Others
GGAATGTTGCCTTGAG-1,Others
GGACAGGTAACCGACA-1,Others
GGACAGTCATGGTGAG-1,Others
GGACAGTGGTTGTCTA-1,Others
GGACCGCTCGGCTGCA-1,Others
GGACGTTAGAAGATTG-1,Edge
GGACGTTCGCTCTGTA-1,Others
GGACTCGCTCGATAGC-1,Others
GGAGAATCTGACTATT-1,Others
GGAGATCCAATAGGCG-1,Others
GGAGATGCTACGACAA-1,Others
GGAGATTAATAGTACG-1,Others
GGAGATTCCTTATGGC-1,Others
GGAGCCGGCGACATAA-1,Others
GGAGCGAACAGTCAGA-1,Others
GGAGCGAGTATTGAGT-1,Others
GGAGCGTCTAGACACT-1,Others
GGAGCGTTATTGGCGA-1,Others
GGAGGCTACGTTCTAT-1,Others
GGAGGTATCGTCCAGT-1,Edge
GGAGTCTACTGGCTCA-1,Others
GGAGTGGAAGACGGAG-1,Others
GGATAAGTTACACGTC-1,Edge
GGATAATTGACTAGGC-1,Others
GGATCTTGCGGCATTA-1,Others
GGATGGTCACTCAGTC-1,Others
GGATGTGAGTCTAGCA-1,Edge
GGATTCCTGGAAGAGC-1,Others
GGATTCTTGGAGCACT-1,Others
GGCAAGATGATTCAAC-1,Others
GGCAATACCTTCAGAA-1,Others
GGCACTCCTTCCTCGG-1,Others
GGCATACAGGCGTCCA-1,Others
GGCATACTAAGAACTA-1,Others
GGCATTAAGACGAAGG-1,Others
GGCCGATAACATCTTG-1,Others
GGCCGCCAGAAGTTCG-1,Others
GGCCGGAGGCCAACAG-1,Others
GGCCGGCAGCCTGAGT-1,Others
GGCCTTACCGCTAGTT-1,Others
GGCCTTCGGACAACCT-1,Others
GGCGAAGTACCATTGC-1,Others
GGCGACGTCATGGCTC-1,Others
GGCGACTCGAGCTAAC-1,Others
GGCGCAAGTACTTCTG-1,Others
GGCGCAGAAGTTGGAC-1,Others
GGCGCCGTTGCGCAAT-1,Others
GGCGCCTACGAATGAA-1,Others
GGCGCCTCTAAGACCG-1,Others
GGCGCCTTCTCATCCG-1,Others
GGCGGATACCGCTCCT-1,Others
GGCGGTCACTTCTACA-1,Others
GGCGTGAGGAGCCGAA-1,Others
GGCGTGAGTGTCGTTC-1,Edge
GGCGTTCTCATGGTCC-1,Edge
GGCTACGTCGTACGGT-1,Others
GGCTATCGGTAGGACG-1,Others
GGCTCAGGACCGAGGT-1,Others
GGCTCAGTATTATCTT-1,Others
GGCTCGCCTCGGTTAT-1,Others
GGCTGACGTGCCTCGA-1,Others
GGCTGAGCTTGCGTGC-1,Edge
GGCTGATGGTCCAGCA-1,Others
GGCTGCTCTATTGGCC-1,Edge
GGCTGGACTGTCGTCT-1,Others
GGCTTCATTCGCAAGA-1,Edge
GGCTTCTGGACATATT-1,Others
GGTAAGCCTTCGGTCT-1,Others
GGTACCGTTGCGTACA-1,Edge
GGTACCTATGTTCTCC-1,Edge
GGTACCTTAGGCTCAG-1,Others
GGTACGGCTACTCGCT-1,Others
GGTACGGTATTACTCC-1,Others
GGTACGGTATTCAATT-1,Others
GGTAGACCAGAACGCT-1,Others
GGTAGCAATTGGTTCT-1,Others
GGTAGCATCTGTATGT-1,Others
GGTAGCCACGAACTCA-1,Edge
GGTAGCGTTACGGTCT-1,Others
GGTAGCTAATTGAATT-1,Others
GGTAGTGATGTAGTGA-1,Others
GGTCAATATGTAAGTT-1,Others
GGTCACCTTAGCCATA-1,Others
GGTCACGGCTGAATTG-1,Others
GGTCCTCAGTCAGAAC-1,Others
GGTCCTCGATGCTCAA-1,Others
GGTCCTGCTATTGTAA-1,Others
GGTCCTTGTTCTTAAC-1,Others
GGTCGCTCAGCGCCAG-1,Edge
GGTCGCTCCTCAGGAC-1,Others
GGTCTAGTTATGAATC-1,Edge
GGTCTTAGGATTAGTA-1,Others
GGTGAGACTTAGTTCA-1,Edge
GGTGAGTCAGTACGAA-1,Others
GGTGATACTCAACCGC-1,Others
GGTGATCGAGATAAGG-1,Others
GGTGATCGCACTGTGA-1,Others
GGTGATGGCTAGTTGT-1,Others
GGTGCACGAATTCAGC-1,Others
GGTGCGTAATGACCAC-1,Others
GGTGGATTCTCGTTAT-1,Others
GGTGTCGGCGGTAGTC-1,Others
GGTTAACGCCTGGTGC-1,Others
GGTTACCAAGTTAGTG-1,Edge
GGTTAGACGTCTATGG-1,Others
GGTTCCAGCTACCACT-1,Others
GGTTCCTGTCGTTCGC-1,Edge
GGTTCTAGGTCTCGGT-1,Others
GGTTGCGAGTGACATT-1,Others
GGTTGTACTTCCGGTA-1,Others
GTAACACGCTAAGGCG-1,Edge
GTAACACTCCATCCAT-1,Others
GTAACACTGACTTAAT-1,Others
GTAACATATGTCGACC-1,Edge
GTAACATCAGCTATTC-1,Edge
GTAACCATAACTAGGA-1,Others
GTAACCGCTCGGTGAC-1,Others
GTAAGTCAAGGACAGA-1,Others
GTAATCGCGTCTCGAC-1,Edge
GTAATGCCACTGTATT-1,Others
GTAATGCGGAAGTAGA-1,Others
GTAATGTTAATTCCAG-1,Others
GTACAAGCGTAACCTA-1,Edge
GTACAGATGGAGACTT-1,Edge
GTACAGTAACAGGCGA-1,Others
GTACATCGCATACACC-1,Others
GTACATTGACAGCGAA-1,Others
GTACCTACTGCCGGAC-1,Others
GTACCTACTTAGTCCA-1,Others
GTACGAGTCCGGAATC-1,Others
GTACGCAATGTTGCCT-1,Others
GTACGCAGCGGTTCTG-1,Others
GTACGCTCGGAGCGTG-1,Others
GTACGCTCTTGGCACG-1,Others
GTACTAGACAATGTAC-1,Others
GTACTTCGTTACTTGA-1,Others
GTAGACAAGCATTCAG-1,Others
GTAGACGGCGTGAGCT-1,Others
GTAGACTCTATCGCGA-1,Others
GTAGCAACCGGTTATT-1,Others
GTAGCAACGTGCTAGA-1,Others
GTAGCACCTCGATCAC-1,Others
GTAGCACGACTCACTG-1,Others
GTAGCAGACGGCCAAC-1,Edge
GTAGCATACCTAGCGA-1,Others
GTAGCATCTATCCTCG-1,Others
GTAGCCTCGTGCAGAT-1,Others
GTAGCGACTAACTATG-1,Others
GTAGCGCCAACTTGAT-1,Others
GTAGCGCTGACATTAA-1,Others
GTAGCGTGCTACAGAA-1,Others
GTAGCGTTACGGCTTC-1,Edge
GTAGGACTAATCCACG-1,Others
GTAGGTGACGGCCTGT-1,Others
GTAGTTGCTTGATGGA-1,Others
GTATAAGGAACGACCG-1,Others
GTATACAGCCGTCATG-1,Others
GTATACGCACCATGCT-1,Others
GTATAGCACCAGGTCT-1,Others
GTATAGTATCAACCTA-1,Others
GTATCTATCGGCCGGA-1,Others
GTATGCGACTGGTCGA-1,Others
GTATGCGGTAACTCAG-1,Edge
GTATGGATGCAATTCC-1,Others
GTATGGCTCATTCTTG-1,Edge
GTATGTCTACGCTAGT-1,Edge
GTATGTCTCGGACCTG-1,Others
GTATGTCTTCGCGTCA-1,Others
GTATGTTAACGACCTC-1,Others
GTATGTTCGGATTCAA-1,Others
GTATGTTCTGCCATCA-1,Edge
GTATTAGAGCTAATAC-1,Others
GTATTAGAGGACTCGC-1,Others
GTATTGGCTCTTAGAT-1,Others
GTCAACCGGAATAGTG-1,Others
GTCAACCTAAGCAATG-1,Edge
GTCAACCTAGATTGAG-1,Others
GTCAACCTGGCTGCTC-1,Others
GTCAACGCTAGACCTA-1,Others
GTCACTAACCGGCCAG-1,Others
GTCACTGTAACCGACA-1,Others
GTCACTTACCATAATC-1,Edge
GTCAGCCGTGACCTCA-1,Others
GTCAGCCTGCAGTACA-1,Others
GTCAGCCTGTCGACTT-1,Others
GTCAGCGAGCCGGTCA-1,Others
GTCAGCTTCCTTCGCA-1,Others
GTCAGCTTGCTCGTTG-1,Others
GTCAGGAGAAGTAGGA-1,Others
GTCAGGAGTGTCTATC-1,Others
GTCAGGATGCTGTTGA-1,Others
GTCAGTAGGTTGGAGT-1,Others
GTCAGTATTGGACTAT-1,Others
GTCAGTCCAGACGCAG-1,Edge
GTCATAAGCCGTGGCG-1,Others
GTCATCAATTATGCTA-1,Edge
GTCATCGTGATGCGAG-1,Others
GTCATGCGCTCCAACA-1,Others
GTCCACGGCATCGGTA-1,Edge
GTCCATCACTCAATTG-1,Others
GTCCGTACAGGTTGAT-1,Others
GTCCTAATCTGGCAAT-1,Others
GTCGAGCGAGCTTAAT-1,Others
GTCGCACTCAGTGATT-1,Others
GTCGCAGACAGTATAG-1,Others
GTCGCAGTGGAATTCG-1,Others
GTCGCAGTTACTCCGA-1,Others
GTCGCATAAGGAAGGC-1,Others
GTCGCATACTCGCCAA-1,Others
GTCGCATCACAAGCAG-1,Others
GTCGCATGCGACTCAA-1,Others
GTCGCATTGCTAATAG-1,Others
GTCGGAATCTTCTAGA-1,Others
GTCGGCACTTGAAGGC-1,Others
GTCGGTAATCAGCAAT-1,Others
GTCGTGCTCGAATAAG-1,Others
GTCGTGTCCTGATTGC-1,Others
GTCGTGTCGGAGATTA-1,Others
GTCGTTCAACCATCCA-1,Others
GTCTAAGACTAGGCTC-1,Others
GTCTAGCCTGATTGCT-1,Others
GTCTAGGAACTTATTG-1,Others
GTCTAGTTGGCACGGT-1,Others
GTCTATAACTGATTGT-1,Edge
GTCTATACAGGCATGG-1,Edge
GTCTATCACGACCAGG-1,Others
GTCTATTCCTTAGCCA-1,Others
GTCTATTGACCGAGGA-1,Others
GTCTATTGCAGTGATA-1,Others
GTCTCAAGTTCATTCA-1,Edge
GTCTCATGCTTGCTGT-1,Others
GTCTGATACACTGAAT-1,Edge
GTCTGCAACTCAGCTG-1,Others
GTCTGTTGCATAATCA-1,Others
GTCTTCCTAGGCTGGA-1,Edge
GTCTTGTAAGTTCTAG-1,Edge
GTGAATTAGATTGTAA-1,Others
GTGACAATTACAGAGT-1,Edge
GTGACAGCGTTAGAAT-1,Others
GTGACAGGATCGGCCT-1,Others
GTGACATACCGTTAGC-1,Edge
GTGACTAGCGCAGTTG-1,Others
GTGACTAGTTCCTCGA-1,Edge
GTGACTATCAAGGATA-1,Others
GTGACTCAGATCGGCC-1,Others
GTGACTCAGGATCCAC-1,Others
GTGACTGCAGCGATAG-1,Others
GTGACTGCTCCTCGAG-1,Others
GTGACTTAGTTGATAC-1,Others
GTGAGGCAATGGAGCG-1,Others
GTGATGGACGCTATCG-1,Others
GTGCAAGATCGAGTCA-1,Others
GTGCAAGCGTGAAGCA-1,Others
GTGCACCGTGCACGTT-1,Others
GTGCACTTAAGCAACT-1,Edge
GTGCAGCCAGCTTCTG-1,Others
GTGCAGCGGAACGTGG-1,Others
GTGCAGCTGCTCATAG-1,Others
GTGCCACCATAATGTA-1,Others
GTGCCGCAATGTTGGC-1,Others
GTGCGAGGTTAACAGG-1,Others
GTGCGTTACGCATGCC-1,Others
GTGCGTTCTACTTGGT-1,Edge
GTGCTCCGGCAGTGGT-1,Edge
GTGGACTGCCAGTGTC-1,Edge
GTGGAGACAACCAGGA-1,Others
GTGGAGACGAAGGTAT-1,Others
GTGGAGGCGACCACAT-1,Edge
GTGGAGTGGATGGACC-1,Others
GTGGATGTAAGTGAAC-1,Others
GTGGCGCACGATCGTT-1,Edge
GTGGCGTTCAACGAAG-1,Others
GTGGCGTTGAACCGCT-1,Others
GTGGTTAACCGTTGGC-1,Others
GTGGTTAAGTTATGTC-1,Others
GTGGTTAGCCGCTCTA-1,Edge
GTGGTTGCCTTCTACC-1,Others
GTTAATGCCGTCGATT-1,Edge
GTTACATCGCCGACCT-1,Edge
GTTACGCATTGCGGCC-1,Others
GTTACGTTAGGAGTTG-1,Edge
GTTACTATCCATGGAT-1,Others
GTTAGGCTTAGACCTT-1,Others
GTTATCACGCTTGCTC-1,Others
GTTATGTCGGCGTGCG-1,Others
GTTATTCTCGCTAAGA-1,Others
GTTATTCTGAGCTTGC-1,Others
GTTATTGGCTTCCTCG-1,Others
GTTCATACATCGACTC-1,Others
GTTCATGACATTCACG-1,Others
GTTCATTAAGTAACCG-1,Others
GTTCATTCGCTACATG-1,Others
GTTCCGATCAATTGCG-1,Others
GTTCCGGCTGGTACTC-1,Edge
GTTCCGTGATGCGTAG-1,Others
GTTCCTGGCCAAGAAC-1,Others
GTTCGAGCGTTGCTTA-1,Others
GTTCGCGGTTCATCAG-1,Others
GTTCGCTGAGCTCGGT-1,Others
GTTCTAACATCAACCA-1,Others
GTTCTAACGGAACGGT-1,Others
GTTCTTCGTCGCCAAC-1,Edge
GTTGAAGGACCAAGTC-1,Others
GTTGACGTATTCCATT-1,Others
GTTGACTTAGGTACCT-1,Others
GTTGACTTAGTGTCTG-1,Others
GTTGACTTCCAAGGAA-1,Others
GTTGAGAACAGACATG-1,Others
GTTGAGCGGTGGACGA-1,Others
GTTGAGCTAATACTCA-1,Others
GTTGCCACCTGACCAG-1,Others
GTTGCCGTCCGCTCTG-1,Others
GTTGCTAGCGTTAACG-1,Edge
GTTGCTCCGTATCGAG-1,Edge
GTTGCTTACAAGTAGG-1,Others
GTTGGCCGATCGCCTG-1,Others
GTTGGCCGTGAACCGA-1,Others
GTTGGTTATGAGCTGT-1,Edge
GTTGTAATAGACGTCA-1,Others
GTTGTACCGCGACGAA-1,Others
GTTGTCGTAATTACAT-1,Others
GTTGTCTGAGAATTCT-1,Edge
GTTGTCTTCCTGCGTT-1,Others
TAACAATTAGACGCCG-1,Edge
TAACAGACGTGAAGGC-1,Others
TAACAGCATCACGATA-1,Edge
TAACATCATGCTACGG-1,Others
TAACCGAACTGTTGCG-1,Edge
TAACGAGCACCGCCAG-1,Others
TAACGAGCCTTCGCCT-1,Others
TAACGAGTAGGTCATG-1,Others
TAACGATGACGTCAGA-1,Others
TAACGCATCACCTATT-1,Others
TAACGCGGCTGAGGAC-1,Others
TAACGCTCGGAGTGAT-1,Others
TAACGCTCTACGCAAG-1,Edge
TAACGTAAGGCGTGAA-1,Others
TAACTCGCGGCCGTTG-1,Edge
TAACTGAGAATTAGAA-1,Others
TAACTGATTAACTAGT-1,Others
TAAGAACGACTAACGT-1,Others
TAAGAACGCACGTCTT-1,Others
TAAGAATAACTCCTCG-1,Others
TAAGAATCAGACAGAT-1,Others
TAAGATACTAGAGCCT-1,Others
TAAGATCTAGGACCTT-1,Others
TAAGATCTGTACTACG-1,Others
TAAGCAGGAGTGCACT-1,Others
TAAGCAGTACAGGCAG-1,Others
TAAGCATCGCTCATAG-1,Others
TAAGCATTGGAGTGGC-1,Edge
TAAGCCAACCAACTTG-1,Others
TAAGCCTGCGCATGGT-1,Others
TAAGGTATAATCTTGG-1,Others
TAAGGTATACGAACGG-1,Others
TAAGGTCCGGTTATAC-1,Others
TAAGGTGACCTTCCAG-1,Edge
TAAGGTGGCCGCTCCG-1,Others
TAAGTGCAGGAAGGAA-1,Edge
TAAGTGCCGATATTGT-1,Others
TAATAGCCACGAACTA-1,Others
TAATCCTTGAGCCTCG-1,Others
TAATCTGTGACTTGCT-1,Edge
TAATGTCACTTCCTAA-1,Others
TAATTAAGTGACGTCC-1,Others
TAATTACCTCTAGACC-1,Others
TAATTAGGAGCACGCA-1,Others
TAATTGAAGAACCATA-1,Edge
TAATTGTCTACTGTTA-1,Others
TACAACAGTTAACATA-1,Others
TACAACCTTCTAGATG-1,Edge
TACAAGACTAATCAGC-1,Edge
TACAAGCGGATCAGAC-1,Others
TACAAGCGGTATGTTC-1,Edge
TACAAGTCGGCCGTTC-1,Others
TACAAGTCTGAGATTA-1,Others
TACAAGTGCTATGGAT-1,Others
TACAAGTTGTGAACAG-1,Others
TACACTACATCTAGGA-1,Others
TACACTACATTCTTGT-1,Others
TACACTACGAAGGATT-1,Others
TACAGATCAGTTGTAC-1,Others
TACAGATCCTCATGAG-1,Edge
TACAGCATGTAACGAT-1,Others
TACATAACTTATGACA-1,Others
TACATACCAGTCTGTC-1,Others
TACATCGTTAGTCGAC-1,Edge
TACATTCGGTACATAC-1,Edge
TACCATGGACGGTTGG-1,Edge
TACCATTACACGCAGA-1,Others
TACCGCGAACATGCGA-1,Others
TACCGGCCGAGTCGCA-1,Edge
TACCGGTTGGTTAATG-1,Others
TACCGTATCCAGCCTG-1,Others
TACCGTGCAGTCGATA-1,Others
TACCGTGCCGTTGGAC-1,Edge
TACCGTGGACCAGGTT-1,Edge
TACCGTGGCATGTATT-1,Others
TACCGTTCGGAAGATC-1,Others
TACCTACCGGCTCAAT-1,Others
TACCTCATCGCTGCTC-1,Others
TACGACGCACGATGTT-1,Others
TACGACGTTAGGTGGA-1,Others
TACGACTAACTGCTGA-1,Edge
TACGACTTAACGTCTA-1,Others
TACGACTTGAACGGAG-1,Others
TACGCTCATGAAGAAT-1,Others
TACGCTCATTCGCTGA-1,Others
TACGGAATCTTAAGCG-1,Others
TACGGAATGTCCTGTT-1,Others
TACGGACACGCCACTC-1,Others
TACGGACAGAACGCTA-1,Others
TACGGATCACCACGGC-1,Edge
TACGGATTCACTAATG-1,Others
TACGGCGAACAGGTCG-1,Others
TACGTACACCGTTCCT-1,Others
TACGTAGGCATATCTT-1,Edge
TACGTATCGCGATCAG-1,Others
TACGTATGCCACGACT-1,Others
TACGTTCCTTAACTTG-1,Edge
TACTAGGCCGAACTAG-1,Others
TACTAGTAGGAAGTTG-1,Others
TACTCCAGTGCACGGC-1,Others
TACTCCGCCACTCAGG-1,Edge
TACTCGTGCTGTGCCT-1,Others
TACTGTTGCCTATCAT-1,Edge
TACTTAGACAACTCGC-1,Others
TACTTCAATGGAGTAA-1,Edge
TAGAACCTGTGCGGTG-1,Others
TAGACAATCACCTTAC-1,Others
TAGACACCGTTGATAC-1,Edge
TAGACAGGAGCCTCAT-1,Others
TAGACATTCCATACAT-1,Others
TAGACCACAGATGGTT-1,Edge
TAGACCGTTCATCTAT-1,Others
TAGACGGACTCAATGG-1,Others
TAGAGGCAATCATACG-1,Others
TAGAGTTGGTCTAATT-1,Others
TAGATGCGCTATTCAG-1,Others
TAGATGCTCAGACTTA-1,Others
TAGATGGCTAGACTGC-1,Edge
TAGATGGTCGGAGGCG-1,Edge
TAGATGTCCTACGCCG-1,Others
TAGCCGCAAGTAATGA-1,Edge
TAGCCGCATCACAGTT-1,Others
TAGCCGCATTCTACTG-1,Others
TAGCGTATCTACGGTA-1,Others
TAGCGTCTACGCCATG-1,Others
TAGCGTCTGTGATGTC-1,Others
TAGCGTGCTTACCGGT-1,Edge
TAGCGTTATCATCCGT-1,Edge
TAGCTAAGTCTGCAAC-1,Others
TAGCTACGACCGACCT-1,Edge
TAGCTACTCACGGTAT-1,Others
TAGCTACTTAAGTGGT-1,Others
TAGCTTACAGCGCAGC-1,Others
TAGGAAGACAGTTATT-1,Others
TAGGAATTAAGTTCGG-1,Others
TAGGACAAGCAAGAGT-1,Others
TAGGACAGGTACGCAA-1,Others
TAGGACCGAGTAAGAT-1,Others
TAGGAGTTCGACTCGC-1,Others
TAGGATGCCTTCTAAG-1,Others
TAGGCACGAGGTGCCA-1,Others
TAGGCAGATTCCAAGG-1,Others
TAGGCTAGATACTCAC-1,Others
TAGGCTCGTCTACACG-1,Others
TAGGCTGTCTTAAGAA-1,Others
TAGGCTGTGGCTTCAC-1,Edge
TAGGTCATCCTTCGCA-1,Edge
TAGGTCTGGATGGCTC-1,Others
TAGTATAACTCAACGT-1,Others
TAGTATAGCTGCTTCA-1,Others
TAGTATCGAGCCGATG-1,Others
TAGTATTACCGTGGCC-1,Others
TAGTCTGAGCTCGGAC-1,Others
TAGTGAATCTCCATCT-1,Others
TAGTGATAGTTCCTCA-1,Others
TAGTGCCAATGTGGAT-1,Others
TAGTGCCAGTATTAGC-1,Others
TAGTGCGGTCAGACAT-1,Others
TAGTTCACAGTATGAC-1,Others
TAGTTCCAGAATCGCT-1,Others
TAGTTCGATGAGACCG-1,Others
TAGTTCGTCAAGGCGA-1,Others
TAGTTGAGCGTACAGT-1,Edge
TATCAACCATGAGGCA-1,Edge
TATCAAGGTAAGTTGA-1,Others
TATCACCATAGATAAC-1,Others
TATCACCGAGGCTTAA-1,Others
TATCACGAAGCAGTCG-1,Edge
TATCACGCGGTGAGGC-1,Others
TATCAGGAACGGTGTC-1,Others
TATCAGGTATTAGAAG-1,Edge
TATCATCTTGGAACCA-1,Others
TATCCGGTGGTAAGTG-1,Others
TATCCGTGTCAATCCT-1,Others
TATCGCGATCGCGGAT-1,Others
TATCTAACAAGTTCTG-1,Others
TATCTAACTGCATTAT-1,Others
TATCTAATCATTCCAA-1,Others
TATCTACATATGACCT-1,Edge
TATCTACCACTAAGCT-1,Others
TATCTAGTATACGCGG-1,Others
TATCTAGTCTGTCCTT-1,Others
TATGACAACCGATTAA-1,Edge
TATGACGCTCAGACCG-1,Others
TATGACGGATCTATGT-1,Others
TATGACTTGCTGTCAA-1,Others
TATGCAGACTACCACT-1,Others
TATGCTGTCCGCTAGG-1,Others
TATGGCCAATTAGAAT-1,Others
TATGGTGCATACTTGC-1,Others
TATGTCCAACCGTCCT-1,Others
TATGTCGCGTCTAGGC-1,Others
TATGTTAAGGCTGTTG-1,Edge
TATGTTGATATTAGGA-1,Others
TATGTTGGACTCAGCA-1,Others
TATGTTGGCTGGCTGA-1,Edge
TATTAACAGCCGGCGT-1,Edge
TATTAACGCTGTTCAT-1,Others
TATTAATATCCGCATC-1,Edge
TATTACTGCGTCAGTT-1,Others
TATTAGGTACGGCGAT-1,Others
TATTCAAGGTAGAATA-1,Edge
TATTCAGAGCCAGGTT-1,Others
TATTCAGGTCGCTGAA-1,Others
TATTCCGACTCACTCG-1,Edge
TATTCGACCTAGACAT-1,Others
TATTCGGAACAATTCA-1,Others
TATTCGTGGTAACTCC-1,Others
TATTCTATCTATGTTG-1,Others
TATTCTCAATCCGGAT-1,Others
TATTCTCGGTTGGTTC-1,Edge
TATTCTTGCACGTTCC-1,Others
TATTCTTGCTTCCGGC-1,Edge
TATTGAAGATGTAGTG-1,Others
TATTGAAGTGAACATA-1,Others
TATTGAGCCAATGGAC-1,Edge
TATTGGTATCGCCTGC-1,Others
TCAACATCCAAGTCTT-1,Others
TCAACATCGATTAACA-1,Edge
TCAACCATAGCAGACA-1,Others
TCAACCTGAGATAACA-1,Edge
TCAACCTGTTGGAGCC-1,Others
TCAACGGTCTATGATT-1,Others
TCAAGGAAGAGCACAA-1,Others
TCAAGGACAGCGGACT-1,Edge
TCAAGGCATGGCTCTG-1,Others
TCAAGGCCTATTGACA-1,Others
TCAAGGCGCAACGAAT-1,Others
TCAAGGCGGAGGCAGC-1,Others
TCAAGGCGGATTACCG-1,Others
TCAATAACGGTTACCG-1,Others
TCAATATCTAGCCATA-1,Others
TCAATATGGTAATCTT-1,Others
TCAATCCGGCTGTATG-1,Edge
TCAATTGCAAGACCAA-1,Others
TCACCGAGCAAGGCAG-1,Others
TCACCGATTAGACGGC-1,Others
TCACCGCTCAGCCGCT-1,Others
TCACCGGAATGCACAG-1,Edge
TCACCGGTCCGGAGAA-1,Others
TCACCGTCTTGTGCAT-1,Others
TCACGAGCACGGTTGT-1,Others
TCACGATGTTCCATAC-1,Edge
TCACGCAGGATCGGTA-1,Others
TCACGCGAGTAGACGT-1,Edge
TCACTACAAGGCATAA-1,Edge
TCACTACATACGAGAA-1,Others
TCACTACGATACTATT-1,Others
TCACTACGGTCGGTTG-1,Edge
TCACTGCTCGCACTAT-1,Others
TCACTGTAGCGGTTGT-1,Others
TCACTGTCGCACGATA-1,Edge
TCACTGTCTTGATTCT-1,Edge
TCAGAACCGCTCTACC-1,Others
TCAGAACTATACCGAC-1,Others
TCAGAACTGTAACATA-1,Edge
TCAGACTCTAGGCTGT-1,Others
TCAGACTGCTCGGATA-1,Others
TCAGATTACATGACGA-1,Others
TCAGCGCCTAAGGACT-1,Others
TCAGCTCACCAGTGCC-1,Others
TCAGGAATCACGGCGA-1,Others
TCAGGATATCTAGTTC-1,Others
TCAGGATATTCGATGA-1,Others
TCAGTATCAGTCTGTA-1,Others
TCAGTCCACGGTCTAA-1,Others
TCAGTCCGCCACTCTT-1,Others
TCAGTCGATCTTACAT-1,Others
TCAGTCGCGACCTGAG-1,Others
TCAGTCGCGAGTTCCT-1,Others
TCAGTTAGGCCGTCCG-1,Edge
TCAGTTAGTGGTAATC-1,Edge
TCAGTTAGTTAACCGC-1,Edge
TCAGTTGTGCTCGGAC-1,Others
TCATAATCCATTGAAT-1,Others
TCATAGATAGCAATTG-1,Others
TCATAGCTCGCAGACG-1,Others
TCATCCGGTTCTGAGG-1,Others
TCATCCGTACATACGG-1,Others
TCATCCTTGGTAACAT-1,Others
TCATCTACAGCCTTGA-1,Others
TCATCTATAAGCCAGT-1,Others
TCATCTATAAGTGCAG-1,Others
TCATCTCACCGACTCA-1,Others
TCATCTCACCTGCCAG-1,Others
TCATCTGATCCTGGCG-1,Others
TCATCTGCTCCGATGG-1,Edge
TCATGACACCGCACTC-1,Others
TCATGAGGTGCGGTCC-1,Others
TCATGCGTTGAGCGAC-1,Others
TCATGTCGGCGATCCG-1,Others
TCATTAATCAACTTCT-1,Edge
TCATTCACTACGCCGT-1,Others
TCATTCAGACTCCTAT-1,Others
TCATTGCCTCGAGGTA-1,Edge
TCATTGTTAGCCGTCT-1,Others
TCCAACATCGCTATTA-1,Others
TCCAACATGAAGTGAT-1,Others
TCCAACTTATAACTGT-1,Others
TCCAACTTGTATTCAC-1,Others
TCCAAGAATAGATTGT-1,Others
TCCAAGACCGGTACGG-1,Edge
TCCAATCCTCATGGTG-1,Others
TCCACGACCTGTAGCC-1,Others
TCCACGATTCCTACAA-1,Others
TCCACGGCTTCGAGTC-1,Others
TCCAGTAACACGCATA-1,Others
TCCAGTACGACATTAT-1,Others
TCCAGTGCAACGCACC-1,Others
TCCAGTTGTCCAGAAT-1,Others
TCCGAACACGTGTACG-1,Others
TCCGAACCGTCCTAAG-1,Others
TCCGAAGTCCTGGCAG-1,Others
TCCGAGACGTGCGTGG-1,Others
TCCGCCAATCGGCTGA-1,Others
TCCGCCGGCTTCGTAG-1,Others
TCCGCCTGAAGTGCTG-1,Others
TCCGCCTTCGTTCGAA-1,Others
TCCGGCACTTCTAGCG-1,Others
TCCGGCCAAGTAACTC-1,Others
TCCGTACCACTCTTAT-1,Others
TCCGTAGGAGTATGCT-1,Others
TCCGTATGCAGCCTCG-1,Edge
TCCGTCAAGTACAAGA-1,Others
TCCGTCACAGTGAGTG-1,Edge
TCCGTCATACGGAGCA-1,Others
TCCGTCATAGCCTCCG-1,Others
TCCGTGATTAGACAAT-1,Others
TCCGTGTCCATGACGC-1,Others
TCCGTGTCGATAGCAA-1,Others
TCCGTGTTCTAATGAT-1,Edge
TCCTACCGGATACATC-1,Others
TCCTGAACATTGTTAC-1,Others
TCCTGAAGCGCACCGA-1,Others
TCCTGAGTGCCATACT-1,Others
TCCTGGAGCAAGCCGC-1,Others
TCCTGGATCTGTAAGT-1,Others
TCCTGGATGCTCACAA-1,Others
TCGAATGCGTGCCTCA-1,Others
TCGACGGCACAGCCTT-1,Others
TCGACTGCGTCTGCTA-1,Others
TCGACTGGCGAGGAAC-1,Others
TCGACTTAGTTGGCCA-1,Others
TCGAGTACATGTGCAC-1,Others
TCGAGTACGCGTGACT-1,Others
TCGAGTATACGTCTTG-1,Others
TCGATAGGCGTGTACG-1,Others
TCGATCCGGCAAGAGG-1,Edge
TCGATGTACCGGTAGG-1,Others
TCGCAACACCATCGTA-1,Others
TCGCAACAGGCCACTG-1,Others
TCGCACAGCAGACGTC-1,Others
TCGCACGATGAACGTT-1,Others
TCGCACTCCATTCCGG-1,Others
TCGCCATATTCATTGG-1,Others
TCGCCGACATTAGTTG-1,Others
TCGCCGACTCCAGCGG-1,Others
TCGCCGCTAGAATAGA-1,Others
TCGCCGCTGGAAGCTC-1,Edge
TCGCCGCTTAGTATCT-1,Others
TCGCCTGCCTAGCTCC-1,Edge
TCGCCTTGGAATGAAG-1,Others
TCGCGACGGTATACTG-1,Others
TCGCGACGTGTCGCAC-1,Others
TCGCGGAGTAAGTGAG-1,Others
TCGCGGAGTTGCTTGC-1,Others
TCGCGGCCGACGAGTC-1,Edge
TCGCGGTAGATGGAAG-1,Edge
TCGCTTGTACCGCTCC-1,Others
TCGCTTGTCGGCTGCA-1,Others
TCGGAACGAGATGACT-1,Others
TCGGACCAAGGCCAAG-1,Others
TCGGACCACGCAGGTG-1,Others
TCGGACCACTGTCGGT-1,Others
TCGGACGATCATAAGT-1,Edge
TCGGACGCGAATCTGT-1,Others
TCGGACGGCAGTCCAG-1,Others
TCGGACTCGCCGAGCT-1,Edge
TCGGACTCTTATCTTC-1,Others
TCGGAGCGTGGTTACA-1,Others
TCGGAGTGCTCCGGAT-1,Others
TCGGCGACGGCCATGG-1,Others
TCGGCGATGTTACCGT-1,Others
TCGGCGGTCAATCAGG-1,Others
TCGGTAAGCGATGGAA-1,Others
TCGGTACCGGCTGGCT-1,Others
TCGGTGGACGGTAGTG-1,Others
TCGGTGTCCTGGTCCT-1,Others
TCGTAACCTTCAAGCT-1,Others
TCGTATACGGAGACTC-1,Others
TCGTATAGAATCTGCG-1,Others
TCGTATCAGACGGCGA-1,Others
TCGTATGCACTCGACG-1,Others
TCGTATTCGAGGTAAC-1,Others
TCGTCACGGTTACTCG-1,Others
TCGTCAGTCGTATCTT-1,Others
TCGTGCCTTCGTCAGA-1,Edge
TCGTGCGTCCGTTGCC-1,Others
TCGTGGCGCAATGTAG-1,Others
TCGTTAGCGAAGGAAC-1,Edge
TCGTTGTATCACGACC-1,Others
TCTAACAGGTACGACT-1,Others
TCTAACATACCTGATA-1,Others
TCTAACCGACTAGACA-1,Others
TCTACATGAATTCATA-1,Edge
TCTACATGGTCGAGGA-1,Others
TCTACATTCTTGCCGA-1,Others
TCTACATTGCAAGTCG-1,Edge
TCTACGAACATATCCA-1,Others
TCTACTAGGTCGGCGT-1,Others
TCTACTCCGGAGTGAA-1,Others
TCTACTGGCGCTGCCT-1,Others
TCTACTGTATGACCTG-1,Others
TCTAGAACGCCACCAG-1,Others
TCTAGACAACCTACTG-1,Others
TCTAGACGAACGTGGA-1,Edge
TCTAGCGAGCTGATGT-1,Others
TCTAGCGAGTGCTACT-1,Others
TCTATGCCATAGACCT-1,Others
TCTATTCGGCTTCGCA-1,Edge
TCTGATCCAATTGTGA-1,Others
TCTGATGCTGGTGAAC-1,Others
TCTGCAATCTTCGTAA-1,Others
TCTGCCAAGGAACGCA-1,Others
TCTGCGGCGTGGTATT-1,Others
TCTGTACGTGCACTCC-1,Others
TCTTACCAGGTCTGTA-1,Edge
TCTTACGGCATATCGC-1,Others
TCTTACTCCATAACCT-1,Others
TCTTACTTACCTCCTG-1,Others
TCTTAGAATACTGCCA-1,Others
TCTTAGACGAACGGAA-1,Others
TCTTCGGTTGACTTAA-1,Others
TCTTGCCAACTCAACA-1,Others
TCTTGCCGCATGTCAT-1,Others
TGAACAAGCGGCCGGT-1,Edge
TGAACGATGTTGAGGA-1,Others
TGAACGTTAACTGATT-1,Others
TGAAGAACAGGTATCA-1,Others
TGAAGAACGCTCCTGG-1,Others
TGAATATGGTCCAATA-1,Others
TGAATGACGCTTGATC-1,Edge
TGAATGGCGTGCCGCA-1,Others
TGAATGTTCGATAGGT-1,Others
TGAATTCAGGTTCGAA-1,Others
TGACAGCTTCGATGTA-1,Others
TGACAGCTTGTCGACA-1,Others
TGACCAAGAAGTGGCT-1,Others
TGACCAATAGAACAGC-1,Others
TGACCATCCGGCGTCC-1,Others
TGACCATTGCTCGATA-1,Others
TGACCTCCGGATAACC-1,Others
TGACCTGAAGTAGATT-1,Others
TGAGAATTACGTGCCG-1,Others
TGAGACGTTACGCCGA-1,Others
TGAGCAGACCTCGTCA-1,Others
TGAGCAGACTGTCGCT-1,Edge
TGAGCAGATGGCTATG-1,Others
TGAGCCTACGCCGAAT-1,Others
TGAGCTCAGACCAGTG-1,Others
TGAGGAATTATCCTTA-1,Others
TGAGGCATTATCTACC-1,Others
TGAGGTACAGTCAGTC-1,Others
TGAGGTACGCGATCAA-1,Others
TGAGGTACGCTCGAAG-1,Edge
TGAGGTAGCACGTGGT-1,Others
TGAGGTAGGCGGTTCC-1,Edge
TGAGGTGAGTCGCTTA-1,Others
TGAGGTGCCATACTGG-1,Others
TGAGGTTAGTATTCAC-1,Others
TGAGTATGTACCGAAT-1,Edge
TGAGTGGCCTGGAGGT-1,Others
TGAGTTAAGATCACGA-1,Others
TGAGTTCCATTGAGTA-1,Others
TGAGTTGACAGAATCT-1,Others
TGATAGCCTCCGTCAA-1,Edge
TGATAGCGAAGCATAA-1,Others
TGATCGAGATAGCGAT-1,Others
TGATCTGTCGGATAGA-1,Others
TGATGCTGGTCGCAGA-1,Edge
TGATGGAAGGCTCGTT-1,Others
TGATGGAGTCTTGGTT-1,Others
TGATGGCCGTAGGTAA-1,Others
TGATGGTGGAGTAATA-1,Others
TGATTCCGCCAAGGCG-1,Others
TGATTCCGTACAAGAC-1,Others
TGATTCGTAGCCGAGC-1,Others
TGCACGCTTCGGACAG-1,Edge
TGCACGGCAGTCTTAC-1,Others
TGCACGGTTGGACTCC-1,Others
TGCACGTAATCATTCT-1,Edge
TGCACGTATTGGTACG-1,Others
TGCACGTGCCACGCCT-1,Others
TGCAGAATTAACTAAG-1,Others
TGCAGACACTCAACAT-1,Edge
TGCAGACGGTTAAGGT-1,Edge
TGCAGATTATAAGAAT-1,Edge
TGCAGCAATTAATCCT-1,Others
TGCAGTCGTGTTGCCT-1,Others
TGCATTCTTGGTCGTA-1,Others
TGCCACAAGTTCACTT-1,Others
TGCCACGGAGTAAGCC-1,Edge
TGCCACTTGGATCCAT-1,Others
TGCCAGGAAGGTCTTA-1,Others
TGCCGACATAATTAAC-1,Others
TGCCTACATGAACGAA-1,Others
TGCCTACGAGTCAGAA-1,Others
TGCCTACTGACTGCGT-1,Edge
TGCCTAGGCGTTCGTA-1,Others
TGCCTATCGTGGAGGC-1,Others
TGCGAACAGGAGTGGT-1,Others
TGCGATGTACTTCAGT-1,Edge
TGCGATTACATTGTCT-1,Edge
TGCGATTACTATGGAG-1,Others
TGCGATTCCGCCTGAT-1,Edge
TGCGCAACATAGACTC-1,Others
TGCGCCATCTCGTACA-1,Others
TGCGCCTGAGGACAAG-1,Others
TGCGCTACTCCACTGA-1,Others
TGCGCTCAACGCCGTC-1,Others
TGCGCTCACGGACCAT-1,Others
TGCGGACACCTAGCTG-1,Edge
TGCGGACCATCGCTAA-1,Edge
TGCGGAGCCTCCAGAC-1,Others
TGCGGAGGACTCAACG-1,Others
TGCGGATCTAGGAGAA-1,Edge
TGCGGCACTCAGTTAG-1,Others
TGCGGCTACTGGATAG-1,Edge
TGCGTCTGGAGCCAGA-1,Others
TGCTACATGCACATGT-1,Others
TGCTACGCCTGCTTAA-1,Others
TGCTACTTACAGCGGA-1,Edge
TGCTATAATCACCGCT-1,Others
TGCTATACGACCATCC-1,Others
TGCTATACTCCGAGTT-1,Others
TGCTATCGAATCCGGA-1,Edge
TGCTATTACACTAAGC-1,Others
TGCTGTAACGCTTCTA-1,Others
TGCTGTATCATATTAA-1,Others
TGCTGTCAGGTCCTGT-1,Others
TGCTGTCATAGTAACC-1,Others
TGCTGTCTAGTATCGG-1,Others
TGCTGTTCGCGATTCT-1,Others
TGCTTACGAACTTGGT-1,Others
TGCTTACTTATCTGCG-1,Others
TGCTTAGTCTTAAGCT-1,Others
TGCTTCTGAACGAGAT-1,Others
TGGAAGCAAGCGCAAG-1,Others
TGGAAGGATTGATCGT-1,Others
TGGAAGGTAGTTGGCT-1,Others
TGGAAGGTCACCGCGG-1,Edge
TGGAAGGTGATCATGA-1,Others
TGGAAGTGATAGGTTA-1,Others
TGGAAGTGGCGGTGCT-1,Others
TGGAAGTGTAATAGAA-1,Edge
TGGAAGTTGTATAATT-1,Others
TGGACTCCTGACAGTA-1,Edge
TGGACTGGTGGCGATA-1,Edge
TGGAGGAACGTGCGTA-1,Others
TGGAGTAATTAGTTAA-1,Edge
TGGAGTCCGAAGCACC-1,Others
TGGAGTCCTCAAGACT-1,Others
TGGAGTCTAGCGGTGC-1,Others
TGGAGTGCTCACAAGG-1,Others
TGGAGTTGCGACAGTG-1,Others
TGGATCACGCAGGTAT-1,Edge
TGGCAACTTGGAGCGT-1,Others
TGGCATAATTGTAGCG-1,Others
TGGCATGTAGTGCACT-1,Others
TGGCATGTGGACTGAG-1,Others
TGGCCATTCGACCAAT-1,Others
TGGCGATAGTACCGTG-1,Others
TGGCTCTAAGCGACGG-1,Edge
TGGCTGGCAATACGAT-1,Others
TGGTACCGTTGACAAC-1,Others
TGGTACTCGCCTTGCC-1,Others
TGGTACTTGTACGTGA-1,Others
TGGTAGCAGGTGTTCT-1,Edge
TGGTAGTTATAGTGTT-1,Others
TGGTATAGATCTAGCC-1,Others
TGGTCGAGGATCCTCG-1,Edge
TGGTCGCCAAGTTAGG-1,Others
TGGTGCCGAACAGTCA-1,Others
TGGTGCCTCGATGACG-1,Others
TGGTGCGACTATACCG-1,Others
TGGTGCGAGGCGTAGC-1,Others
TGGTGCGGTTGTCTCA-1,Others
TGGTTGGAACAGCTTA-1,Others
TGGTTGGATATGAGAA-1,Edge
TGGTTGGCCTAGTGGA-1,Others
TGGTTGGCGGAGTACG-1,Others
TGGTTGGTTCGCGGCC-1,Others
TGGTTGGTTCGTTAGG-1,Edge
TGTAATACTGCGTGCC-1,Others
TGTACCAAGTTGGTAA-1,Others
TGTACCACATGGCGTG-1,Others
TGTACCGTGAATTGCG-1,Edge
TGTACCTACGGCGTTA-1,Others
TGTACCTGGACCGGAA-1,Others
TGTACTCGGATACTCA-1,Edge
TGTAGCTCGGTACAGA-1,Others
TGTAGGAGGCTAGCAG-1,Edge
TGTAGGAGGTGCCTTC-1,Edge
TGTAGGAGTGTACCGA-1,Others
TGTAGTAACTTAATCG-1,Others
TGTAGTGGTTGTTCTG-1,Others
TGTATCCGGATAACTG-1,Others
TGTATCTATTCCGCAG-1,Edge
TGTATGACCTTACGTA-1,Others
TGTATGCCTCCAATAA-1,Others
TGTATGCTTCACGATA-1,Others
TGTATGGTAATACTAG-1,Others
TGTATGGTCCGTTGTA-1,Others
TGTCACAATGCACGTA-1,Others
TGTCACCACGGCGATG-1,Others
TGTCACGTGAAGGTCT-1,Others
TGTCACTCATAAGGAA-1,Others
TGTCAGACATGCGAAG-1,Others
TGTCAGATGAGTGGCG-1,Others
TGTCAGCGCTCGACAT-1,Others
TGTCAGTCACAATCGG-1,Edge
TGTCAGTGATCGTGCG-1,Others
TGTCAGTGTACCTTAG-1,Others
TGTCATCCACAGCAGT-1,Others
TGTCCACGGATGGTGA-1,Others
TGTCCTAGCAATTGTA-1,Others
TGTCCTGGCCTATGTT-1,Others
TGTCCTTCCTCGTACA-1,Others
TGTCGATCGATCGATT-1,Others
TGTCGCACCGTTGTGG-1,Others
TGTCTGCGAGTTCATT-1,Others
TGTCTTCAGAAGTGCC-1,Others
TGTCTTGGCAGTTAGA-1,Edge
TGTTACCGAGCAATGA-1,Others
TGTTATGTACGCATAC-1,Others
TGTTCACTCCTTGACT-1,Others
TGTTCAGAATCCTAAT-1,Others
TGTTCCAATCTAATTG-1,Others
TGTTCGAGGCCAAGGA-1,Others
TGTTCGCTTCTAATCC-1,Edge
TGTTGCCAGTCGCCTG-1,Others
TGTTGGTGATTAGGTA-1,Others
TGTTGGTGCGGAATCA-1,Others
TGTTGGTGGACTCAGG-1,Others
